File,Hashing Execution Time,B+ Execution Time,Same Results
MathArticles/wpmath0000012/Plancherel_theorem_for_spherical_functions/248.xml,1671.433687210083,1302.9801845550537,True
MathArticles/wpmath0000006/Ostwald–Freundlich_equation/54.xml,824.5706558227539,455.1925659179688,True
MathArticles/wpmath0000008/Gårding's_inequality/1.xml,1033.2069396972656,582.4623107910156,True
MathArticles/wpmath0000003/Almost_periodic_function/27.xml,1129.1530132293701,705.202579498291,True
MathArticles/wpmath0000004/Envelope_(mathematics)/20.xml,987.4770641326904,551.9232749938965,True
MathArticles/wpmath0000007/Josephson_penetration_depth/8.xml,3089.4720554351807,2867.5436973571777,True
MathArticles/wpmath0000001/Euler-Maclaurin_formula/51.xml,1054.095983505249,580.8539390563965,True
MathArticles/wpmath0000004/Exact_coloring/3.xml,762.7687454223633,423.1412410736084,True
MathArticles/wpmath0000002/Indefinite_orthogonal_group/0.xml,547.9962825775146,328.1269073486328,True
MathArticles/wpmath0000006/Bicoherence/10.xml,1097.907304763794,595.8836078643799,True
MathArticles/wpmath0000012/Formulas_for_generating_Pythagorean_triples/76.xml,517.6718235015869,219.7561264038086,True
MathArticles/wpmath0000015/Davenport_constant/5.xml,987.4968528747559,533.1480503082275,True
MathArticles/wpmath0000010/Prehomogeneous_vector_space/83.xml,6600.9321212768555,6267.053604125977,True
MathArticles/wpmath0000012/Orthogonality_principle/24.xml,941.5562152862549,641.7880058288574,True
MathArticles/wpmath0000009/Boyle_temperature/2.xml,4108.323097229004,3640.480756759644,True
MathArticles/wpmath0000006/Kepler_problem/23.xml,1160.5308055877686,671.6263294219971,True
MathArticles/wpmath0000004/Coefficient_of_variation/29.xml,1253.7744045257568,1050.0547885894775,True
MathArticles/wpmath0000001/Bernoulli_number/40.xml,1193.0694580078125,1209.4204425811768,True
MathArticles/wpmath0000001/Recursively_enumerable_language/3.xml,469.81263160705566,203.1288146972656,True
MathArticles/wpmath0000006/Yale_shooting_problem/28.xml,6208.1804275512695,6340.366840362549,True
MathArticles/wpmath0000001/Digital_filter/19.xml,1475.0072956085205,1050.3838062286377,True
MathArticles/wpmath0000002/Terminal_velocity/24.xml,2415.6394004821777,2116.7378425598145,True
MathArticles/wpmath0000010/Timoshenko_beam_theory/51.xml,2163.0992889404297,2210.1094722747803,True
MathArticles/wpmath0000004/Laplace–Runge–Lenz_vector/125.xml,846.4193344116211,565.0601387023926,True
MathArticles/wpmath0000004/Hyperbolic_quaternion/2.xml,3589.940309524536,3354.7379970550537,True
MathArticles/wpmath0000012/Sum_frequency_generation_spectroscopy/6.xml,863.7888431549072,487.0800971984863,True
MathArticles/wpmath0000005/Hanbury_Brown_and_Twiss_effect/15.xml,5487.767934799194,5747.738838195801,True
MathArticles/wpmath0000015/Rayleigh–Plesset_equation/48.xml,2179.084300994873,1846.774101257324,True
MathArticles/wpmath0000015/Cluster-expansion_approach/1.xml,738.5098934173584,455.4188251495361,True
MathArticles/wpmath0000002/Hypergraph/51.xml,458.51969718933105,171.87952995300293,True
MathArticles/wpmath0000014/Semi-inner-product/9.xml,731.0853004455566,391.5002346038818,True
MathArticles/wpmath0000013/Magnetic_braking/16.xml,752.2881031036377,454.754114151001,True
MathArticles/wpmath0000003/Sliding_mode_control/71.xml,4672.3809242248535,4860.13126373291,True
MathArticles/wpmath0000009/Admissible_heuristic/14.xml,4642.913579940796,4186.298370361328,True
MathArticles/wpmath0000008/Yield_surface/57.xml,4783.063888549805,4845.523834228516,True
MathArticles/wpmath0000014/Backpressure_routing/49.xml,6537.892580032349,6538.427114486694,True
MathArticles/wpmath0000014/Natural_units/85.xml,799.9753952026367,391.7229175567627,True
MathArticles/wpmath0000016/Multiple_kernel_learning/33.xml,930.9206008911133,548.8541126251221,True
MathArticles/wpmath0000003/Generalized_coordinates/9.xml,1231.888771057129,883.0952644348145,True
MathArticles/wpmath0000001/Absolute_value/138.xml,988.3828163146973,502.1989345550537,True
MathArticles/wpmath0000012/Geometric_calculus/7.xml,751.255989074707,375.0059604644776,True
MathArticles/wpmath0000013/Griesmer_bound/17.xml,816.3185119628906,423.0003356933594,True
MathArticles/wpmath0000015/Markov–Kakutani_fixed-point_theorem/0.xml,988.4183406829834,548.9919185638428,True
MathArticles/wpmath0000009/Phase_retrieval/34.xml,6191.735029220581,5925.630569458008,True
MathArticles/wpmath0000008/Clenshaw–Curtis_quadrature/17.xml,1757.5995922088623,1348.22678565979,True
MathArticles/wpmath0000004/Representable_functor/3.xml,1583.8937759399414,1176.067590713501,True
MathArticles/wpmath0000003/Prenex_normal_form/20.xml,516.3090229034424,248.1784820556641,True
MathArticles/wpmath0000013/Partially_ordered_ring/11.xml,799.4318008422852,376.45554542541504,True
MathArticles/wpmath0000005/Langmuir–Blodgett_trough/12.xml,4830.4283618927,4545.574426651001,True
MathArticles/wpmath0000004/Turing_reduction/22.xml,954.7340869903564,485.8429431915283,True
MathArticles/wpmath0000005/Laplace–Beltrami_operator/62.xml,1067.0058727264404,628.8454532623291,True
MathArticles/wpmath0000005/Stokes_parameters/37.xml,611.8392944335938,314.46218490600586,True
MathArticles/wpmath0000008/Divisor_summatory_function/47.xml,877.2470951080322,475.0807285308838,True
MathArticles/wpmath0000006/Liquid–liquid_extraction/1.xml,1459.3751430511475,1300.7044792175293,True
MathArticles/wpmath0000014/Nagata's_conjecture/0.xml,971.5869426727295,471.2097644805908,True
MathArticles/wpmath0000003/Knuth–Bendix_completion_algorithm/32.xml,515.8843994140625,298.6559867858887,True
MathArticles/wpmath0000001/Uniform_convergence/107.xml,801.3689517974854,469.2504405975342,True
MathArticles/wpmath0000004/Resting_potential/0.xml,2774.549961090088,2511.435270309448,True
MathArticles/wpmath0000004/Iwasawa_decomposition/17.xml,767.2367095947266,393.9251899719238,True
MathArticles/wpmath0000014/Pearl_vortex/2.xml,1176.2394905090332,878.0384063720703,True
MathArticles/wpmath0000004/Comma_category/154.xml,909.8372459411621,502.2132396697998,True
MathArticles/wpmath0000009/Kutta–Joukowski_theorem/40.xml,2164.3316745758057,1895.7226276397705,True
MathArticles/wpmath0000006/Dini_derivative/1.xml,674.2584705352783,313.6153221130371,True
MathArticles/wpmath0000014/Template_Subatomic_particle__symbol__chargino_i-+/0.xml,658.4694385528564,438.2815361022949,True
MathArticles/wpmath0000003/Incidence_matrix/15.xml,1018.2702541351318,850.9020805358887,True
MathArticles/wpmath0000004/Trigonometric_interpolation/12.xml,6210.564613342285,5911.604404449463,True
MathArticles/wpmath0000014/Duality_gap/1.xml,705.5871486663818,501.9662380218506,True
MathArticles/wpmath0000012/Leggett–Garg_inequality/0.xml,736.2673282623291,404.4456481933594,True
MathArticles/wpmath0000009/Eilenberg–Moore_spectral_sequence/2.xml,565.3941631317139,220.33143043518064,True
MathArticles/wpmath0000007/Lamm_equation/0.xml,1034.3592166900635,595.8640575408936,True
MathArticles/wpmath0000015/Oversampled_binary_image_sensor/23.xml,4562.567234039307,4255.445718765259,True
MathArticles/wpmath0000009/Quantum_amplifier/9.xml,754.075288772583,565.5989646911621,True
MathArticles/wpmath0000001/Electrical_impedance/18.xml,2004.913568496704,1584.2504501342771,True
MathArticles/wpmath0000005/Recursive_least_squares_filter/2.xml,4579.479217529297,4251.809120178223,True
MathArticles/wpmath0000014/Factor_regression_model/15.xml,2556.230068206787,2353.4719944000244,True
MathArticles/wpmath0000012/Network_science/11.xml,5503.100633621216,5221.868753433228,True
MathArticles/wpmath0000002/Phonon/130.xml,1081.9051265716553,612.1399402618408,True
MathArticles/wpmath0000014/Ultrasensitivity/25.xml,800.5275726318359,423.142671585083,True
MathArticles/wpmath0000001/Original_proof_of_Gödel's_completeness_theorem/28.xml,1004.1890144348145,563.0006790161133,True
MathArticles/wpmath0000002/Algebraic_integer/17.xml,939.4176006317139,673.5398769378662,True
MathArticles/wpmath0000016/Briggs–Bers_criterion/34.xml,2556.196689605713,2321.187734603882,True
MathArticles/wpmath0000013/Entanglement-assisted_stabilizer_formalism/28.xml,831.3193321228027,517.9204940795898,True
MathArticles/wpmath0000003/Canonical_transformation/88.xml,829.7226428985596,501.7633438110352,True
MathArticles/wpmath0000007/Hölder_condition/12.xml,1130.6564807891846,736.6542816162109,True
MathArticles/wpmath0000004/Complex_projective_space/3.xml,986.5281581878662,642.7545547485352,True
MathArticles/wpmath0000016/Approximation-preserving_reduction/38.xml,941.5199756622314,534.0168476104736,True
MathArticles/wpmath0000001/Quadratic_equation/150.xml,1035.6347560882568,691.077470779419,True
MathArticles/wpmath0000013/Higher-dimensional_gamma_matrices/118.xml,1067.697525024414,611.5798950195312,True
MathArticles/wpmath0000005/Differential_algebra/13.xml,923.7279891967773,627.094030380249,True
MathArticles/wpmath0000001/Borel-Cantelli_lemma/45.xml,2132.216215133667,1913.3479595184328,True
MathArticles/wpmath0000007/Push–relabel_maximum_flow_algorithm/18.xml,1976.0689735412598,1557.542324066162,True
MathArticles/wpmath0000007/Carry-save_adder/0.xml,736.6235256195068,516.5936946868896,True
MathArticles/wpmath0000005/Shekel_function/3.xml,1207.2594165802002,894.913911819458,True
MathArticles/wpmath0000013/Reduced_dynamics/3.xml,753.2010078430176,531.9695472717285,True
MathArticles/wpmath0000002/Conjunctive_normal_form/247.xml,501.85370445251465,252.4054050445557,True
MathArticles/wpmath0000001/Continuum_mechanics/82.xml,908.5941314697266,699.2666721343994,True
MathArticles/wpmath0000004/Downhill_creep/3.xml,1192.4171447753906,925.201416015625,True
MathArticles/wpmath0000003/Discretization/38.xml,1082.3795795440674,781.9201946258545,True
MathArticles/wpmath0000014/Streeter–Phelps_equation/26.xml,4280.154228210449,4265.134572982788,True
MathArticles/wpmath0000008/Varifold/5.xml,798.9881038665771,438.2150173187256,True
MathArticles/wpmath0000001/Bernoulli_number/86.xml,3230.243682861328,2868.629217147827,True
MathArticles/wpmath0000002/Conjunctive_normal_form/84.xml,769.63210105896,391.91699028015137,True
MathArticles/wpmath0000012/Yeoh_(hyperelastic_model)/47.xml,813.7919902801514,469.3527221679688,True
MathArticles/wpmath0000014/Hamiltonian_optics/41.xml,754.2147636413574,408.9381694793701,True
MathArticles/wpmath0000004/Resistance_distance/17.xml,2743.453025817871,2491.638898849488,True
MathArticles/wpmath0000016/Mean_field_particle_methods/98.xml,956.4568996429443,579.9336433410645,True
MathArticles/wpmath0000016/Poisson_wavelet/39.xml,1912.33491897583,1771.1739540100098,True
MathArticles/wpmath0000013/Multislice/32.xml,2054.2094707489014,1646.780014038086,True
MathArticles/wpmath0000006/Watt's_curve/4.xml,971.8465805053711,502.5870800018311,True
MathArticles/wpmath0000003/Degenerate_conic/15.xml,2180.060863494873,1881.6094398498533,True
MathArticles/wpmath0000014/Computer_for_operations_with_functions/66.xml,2665.6670570373535,2366.699457168579,True
MathArticles/wpmath0000006/Portal_Gravitation__Mass/0.xml,1270.7998752593994,972.7659225463868,True
MathArticles/wpmath0000014/Class_kappa_function/3.xml,1975.03662109375,1661.278486251831,True
MathArticles/wpmath0000016/Shearlet/49.xml,1050.2009391784668,721.5836048126221,True
MathArticles/wpmath0000004/Neutron_transport/41.xml,2602.872848510742,2213.6991024017334,True
MathArticles/wpmath0000001/Finite_field/337.xml,1961.5662097930908,1614.6531105041504,True
MathArticles/wpmath0000014/De_Donder–Weyl_theory/0.xml,846.8742370605469,455.31535148620605,True
MathArticles/wpmath0000003/Skolem_normal_form/10.xml,814.6257400512695,438.0805492401123,True
MathArticles/wpmath0000013/Head_grammar/11.xml,1018.6803340911865,595.8473682403564,True
MathArticles/wpmath0000004/Rotation_matrix/220.xml,6116.539239883423,5925.974845886231,True
MathArticles/wpmath0000004/Poynting's_theorem/16.xml,986.6197109222412,564.6445751190186,True
MathArticles/wpmath0000013/Cnoidal_wave/60.xml,816.6911602020264,470.3934192657471,True
MathArticles/wpmath0000006/Bifurcation_theory/3.xml,1005.4416656494141,567.5225257873535,True
MathArticles/wpmath0000002/Autonomous_system_(mathematics)/28.xml,2554.0430545806885,2519.484758377075,True
MathArticles/wpmath0000004/Hamiltonian_constraint/47.xml,4609.331369400024,4505.573034286499,True
MathArticles/wpmath0000005/Wetting/0.xml,4061.0671043395996,3781.5237045288086,True
MathArticles/wpmath0000016/Imprecise_Dirichlet_process/22.xml,1380.0506591796875,937.758445739746,True
MathArticles/wpmath0000003/Percentile/28.xml,2868.683338165283,2518.967628479004,True
MathArticles/wpmath0000014/Local_Elevation/0.xml,4611.122131347656,4251.269578933716,True
MathArticles/wpmath0000005/Dyck_language/54.xml,767.298698425293,343.74189376831055,True
MathArticles/wpmath0000007/Schoof's_algorithm/140.xml,878.8621425628662,687.495231628418,True
MathArticles/wpmath0000001/List_of_equations_in_classical_mechanics/60.xml,2512.052059173584,2094.7184562683105,True
MathArticles/wpmath0000013/Arbitrarily_varying_channel/111.xml,937.5598430633545,720.3383445739746,True
MathArticles/wpmath0000008/Multi-scale_approaches/1.xml,893.5258388519287,734.900951385498,True
MathArticles/wpmath0000004/Cooperative_game/149.xml,1083.5227966308594,893.1124210357666,True
MathArticles/wpmath0000002/Sundial/27.xml,909.0220928192139,523.9410400390625,True
MathArticles/wpmath0000007/Kernel_method/6.xml,971.7285633087158,577.5268077850342,True
MathArticles/wpmath0000004/Scale_factor_(cosmology)/16.xml,5237.150192260742,4963.792324066162,True
MathArticles/wpmath0000009/Stress_majorization/12.xml,4610.0218296051025,4386.722564697266,True
MathArticles/wpmath0000011/Argument_(complex_analysis)/14.xml,831.2768936157227,458.3244323730469,True
MathArticles/wpmath0000011/Constellation_model/53.xml,910.9065532684326,549.5853424072266,True
MathArticles/wpmath0000007/Fracture_toughness/2.xml,672.0714569091797,440.885066986084,True
MathArticles/wpmath0000004/Linear_approximation/17.xml,1020.043134689331,639.4171714782715,True
MathArticles/wpmath0000008/Jaynes–Cummings_model/1.xml,877.6137828826904,660.2439880371094,True
MathArticles/wpmath0000014/Quasitoric_manifold/132.xml,1990.4913902282715,1692.7413940429688,True
MathArticles/wpmath0000005/Nuclear_density/3.xml,7385.467767715454,7671.870946884155,True
MathArticles/wpmath0000013/Symmetric_tensor/20.xml,611.7637157440186,280.3778648376465,True
MathArticles/wpmath0000002/Local_field/10.xml,973.5026359558105,548.6855506896973,True
MathArticles/wpmath0000002/Tensor_field/4.xml,6239.953517913818,6846.467733383179,True
MathArticles/wpmath0000001/P-adic_number/55.xml,1051.0082244873047,814.1183853149414,True
MathArticles/wpmath0000004/Conical_surface/13.xml,3544.764518737793,3390.221118927002,True
MathArticles/wpmath0000012/Relation_between_Schrödinger's_equation_and_the_path_integral_formulation_of_quantum_mechanics/25.xml,1112.5373840332031,730.1516532897949,True
MathArticles/wpmath0000006/Highly_optimized_tolerance/6.xml,1035.341739654541,733.5269451141357,True
MathArticles/wpmath0000012/Matrix_differential_equation/2.xml,2947.108507156372,2671.347141265869,True
MathArticles/wpmath0000010/Separable_algebra/17.xml,940.4294490814209,644.1316604614258,True
MathArticles/wpmath0000013/Equilibrium_chemistry/31.xml,1740.5807971954346,1651.2887477874756,True
MathArticles/wpmath0000006/Smoluchowski_coagulation_equation/1.xml,1128.1282901763916,826.9116878509521,True
MathArticles/wpmath0000003/Gröbner_basis/60.xml,6272.710561752319,6536.548376083374,True
MathArticles/wpmath0000003/Continuous_linear_extension/35.xml,1066.3893222808838,829.7989368438721,True
MathArticles/wpmath0000006/Filtered_algebra/30.xml,1998.0008602142334,1704.4918537139893,True
MathArticles/wpmath0000002/Index_of_a_subgroup/20.xml,886.9044780731201,466.4485454559326,True
MathArticles/wpmath0000009/Forward–backward_algorithm/66.xml,959.688663482666,607.7053546905518,True
MathArticles/wpmath0000002/Angular_frequency/0.xml,639.441728591919,440.7641887664795,True
MathArticles/wpmath0000013/Arbitrarily_varying_channel/160.xml,3214.1165733337402,3264.8987770080566,True
MathArticles/wpmath0000014/Lorentz-violating_neutrino_oscillations/28.xml,861.0177040100098,611.5190982818604,True
MathArticles/wpmath0000012/Prime_manifold/4.xml,801.0659217834473,410.4530811309815,True
MathArticles/wpmath0000006/Flow_(mathematics)/76.xml,2367.6068782806396,2114.2349243164062,True
MathArticles/wpmath0000009/Point_reflection/10.xml,4562.4284744262695,4496.956586837769,True
MathArticles/wpmath0000006/Trembling_hand_perfect_equilibrium/9.xml,611.5913391113281,303.2324314117432,True
MathArticles/wpmath0000007/Molar_solubility/7.xml,5221.679925918579,4990.637540817261,True
MathArticles/wpmath0000016/Quantum_thermodynamics/33.xml,5253.5600662231445,5016.771793365479,True
MathArticles/wpmath0000013/Weingarten_function/11.xml,2022.4668979644775,1725.7914543151855,True
MathArticles/wpmath0000008/Poker_probability_(Omaha)/59.xml,1428.2505512237549,1082.390308380127,True
MathArticles/wpmath0000012/Rule_complex/2.xml,3558.302640914917,3527.066707611084,True
MathArticles/wpmath0000008/Ridge_detection/20.xml,846.5940952301025,424.9441623687744,True
MathArticles/wpmath0000003/Inverse_trigonometric_functions/27.xml,1004.4388771057129,595.8828926086426,True
MathArticles/wpmath0000010/Schuette–Nesbitt_formula/96.xml,5533.879518508911,5502.599716186523,True
MathArticles/wpmath0000015/List_of_electromagnetism_equations/59.xml,770.2169418334961,422.7712154388428,True
MathArticles/wpmath0000007/Electron_electric_dipole_moment/0.xml,719.5398807525635,471.9083309173584,True
MathArticles/wpmath0000016/Principalization_(algebra)/359.xml,7903.59354019165,8417.114973068237,True
MathArticles/wpmath0000007/Bispherical_coordinates/4.xml,4218.029022216797,4259.8512172698975,True
MathArticles/wpmath0000002/Chern_class/8.xml,859.6959114074707,501.3480186462402,True
MathArticles/wpmath0000014/Electric_dipole_moment/43.xml,660.8071327209473,363.5296821594238,True
MathArticles/wpmath0000007/Durand–Kerner_method/39.xml,972.0416069030762,576.6193866729736,True
MathArticles/wpmath0000005/Wald's_equation/50.xml,876.7898082733154,528.033971786499,True
MathArticles/wpmath0000002/Trajectory/30.xml,3325.8936405181885,3081.5999507904053,True
MathArticles/wpmath0000005/Convex_optimization/31.xml,783.6976051330566,445.16968727111816,True
MathArticles/wpmath0000003/Grassmannian/151.xml,2194.621801376343,1958.292007446289,True
MathArticles/wpmath0000006/Paleothermometer/1.xml,611.5162372589111,297.02019691467285,True
MathArticles/wpmath0000004/Stiefel–Whitney_class/49.xml,549.1034984588623,265.9037113189697,True
MathArticles/wpmath0000008/Interval_scheduling/14.xml,7150.7158279418945,7338.994741439819,True
MathArticles/wpmath0000007/Initial_algebra/30.xml,6475.5871295928955,6545.88508605957,True
MathArticles/wpmath0000006/Bauer–Fike_theorem/4.xml,1474.3647575378418,1280.5213928222656,True
MathArticles/wpmath0000004/Asymptotic_analysis/9.xml,940.666675567627,501.98912620544434,True
MathArticles/wpmath0000002/List_of_integrals_of_rational_functions/42.xml,1128.861665725708,738.9426231384277,True
MathArticles/wpmath0000009/Heston_model/14.xml,1051.3954162597656,645.8446979522705,True
MathArticles/wpmath0000015/Connective_constant/51.xml,3448.029041290283,3156.827211380005,True
MathArticles/wpmath0000001/Angular_velocity/3.xml,1019.9766159057617,702.8424739837646,True
MathArticles/wpmath0000004/Joint_entropy/10.xml,3198.781728744507,3074.79214668274,True
MathArticles/wpmath0000002/Gibbs_paradox/31.xml,1426.7749786376953,1001.7919540405272,True
MathArticles/wpmath0000002/Hypergeometric_distribution/75.xml,815.0298595428467,422.1155643463135,True
MathArticles/wpmath0000007/K-edge-connected_graph/0.xml,1035.2110862731934,627.9234886169434,True
MathArticles/wpmath0000015/Supermetric/31.xml,893.5892581939697,530.4069519042969,True
MathArticles/wpmath0000015/Factor_system/6.xml,6399.641990661621,6738.757610321045,True
MathArticles/wpmath0000004/Mechanism_design/25.xml,954.5440673828125,509.8147392272949,True
MathArticles/wpmath0000007/Structure_(mathematical_logic)/13.xml,1882.4763298034668,1582.6129913330078,True
MathArticles/wpmath0000001/Curvature/11.xml,1849.6696949005127,1472.431182861328,True
MathArticles/wpmath0000001/Inverse_limit/1.xml,705.7576179504395,392.81511306762695,True
MathArticles/wpmath0000013/Mie–Gruneisen_equation_of_state/64.xml,3283.6484909057617,2931.4544200897217,True
MathArticles/wpmath0000002/Gudermannian_function/2.xml,5982.630729675293,5908.987760543823,True
MathArticles/wpmath0000016/Symmetry_in_quantum_mechanics/64.xml,486.61184310913086,216.62282943725583,True
MathArticles/wpmath0000005/Faraday_cup/54.xml,6194.010496139526,6002.952337265015,True
MathArticles/wpmath0000014/Quantum_non-equilibrium/0.xml,2021.5141773223877,1589.07151222229,True
MathArticles/wpmath0000009/Mean_shift/48.xml,1710.3102207183838,1443.9194202423096,True
MathArticles/wpmath0000008/Stability_derivatives/8.xml,4500.377893447876,4144.321918487549,True
MathArticles/wpmath0000007/Parametric_surface/8.xml,924.483060836792,547.6198196411133,True
MathArticles/wpmath0000001/Metric_space/115.xml,931.2634468078613,580.5706977844238,True
MathArticles/wpmath0000007/XTR/77.xml,6217.909812927246,6187.152147293091,True
MathArticles/wpmath0000012/Decoherence-free_subspaces/60.xml,737.3530864715576,368.9582347869873,True
MathArticles/wpmath0000003/YIQ/2.xml,1568.9136981964111,1212.3026847839355,True
MathArticles/wpmath0000001/First-order_logic/8.xml,501.0957717895508,250.00715255737305,True
MathArticles/wpmath0000004/Polarization_density/41.xml,5251.831293106079,5015.47384262085,True
MathArticles/wpmath0000013/Chaotic_mixing/39.xml,749.0601539611816,397.4521160125733,True
MathArticles/wpmath0000001/Acoustic_theory/88.xml,2587.4829292297363,2275.829315185547,True
MathArticles/wpmath0000004/Cartan_decomposition/23.xml,5833.284139633179,5593.21403503418,True
MathArticles/wpmath0000013/Gauge_theory/46.xml,846.196174621582,472.34511375427246,True
MathArticles/wpmath0000007/Moment_map/64.xml,877.7167797088623,544.7120666503906,True
MathArticles/wpmath0000008/Poker_probability_(Omaha)/44.xml,5471.898555755615,5274.793386459351,True
MathArticles/wpmath0000015/Position_of_the_Sun/22.xml,770.1249122619629,437.5805854797363,True
MathArticles/wpmath0000002/Fock_state/45.xml,752.4068355560303,487.1478080749512,True
MathArticles/wpmath0000012/Cotangent_complex/17.xml,674.3381023406982,331.7241668701172,True
MathArticles/wpmath0000008/Squashed_entanglement/17.xml,1725.0213623046875,1615.2935028076172,True
MathArticles/wpmath0000007/Nachbin's_theorem/11.xml,861.7308139801025,471.0900783538818,True
MathArticles/wpmath0000007/Paris'_law/2.xml,4014.798879623413,3775.909423828125,True
MathArticles/wpmath0000003/Sobolev_space/94.xml,6459.947824478149,6220.54934501648,True
MathArticles/wpmath0000016/Modulus_of_smoothness/23.xml,1128.685712814331,832.6563835144043,True
MathArticles/wpmath0000006/2-category/25.xml,486.4614009857178,200.89316368103027,True
MathArticles/wpmath0000001/Factorial/58.xml,879.6446323394775,526.4546871185303,True
MathArticles/wpmath0000006/C++_Technical_Report_1/16.xml,987.0200157165527,561.9726181030273,True
MathArticles/wpmath0000008/Naimark's_dilation_theorem/49.xml,861.706018447876,549.7908592224121,True
MathArticles/wpmath0000004/Decomposition_of_spectrum_(functional_analysis)/29.xml,8124.984502792358,8327.926635742188,True
MathArticles/wpmath0000008/Berlekamp's_algorithm/25.xml,938.9133453369141,534.5687866210938,True
MathArticles/wpmath0000014/Classical_central-force_problem/6.xml,971.1432456970215,562.9990100860596,True
MathArticles/wpmath0000012/Deformation_(mechanics)/26.xml,1678.4653663635254,1373.9356994628906,True
MathArticles/wpmath0000007/Distribution_(pharmacology)/0.xml,7872.787714004517,8110.094547271728,True
MathArticles/wpmath0000006/Degenerate_energy_levels/165.xml,595.3431129455566,266.2842273712158,True
MathArticles/wpmath0000009/Quantum_graph/34.xml,2040.2882099151611,1764.5480632781982,True
MathArticles/wpmath0000003/Exact_differential/60.xml,2160.9225273132324,1930.500745773316,True
MathArticles/wpmath0000009/LPBoost/33.xml,705.7733535766602,452.1706104278565,True
MathArticles/wpmath0000002/Adsorption/14.xml,518.9394950866699,261.2652778625488,True
MathArticles/wpmath0000014/Kirchhoff–Love_plate_theory/122.xml,813.7598037719727,500.5016326904297,True
MathArticles/wpmath0000002/Uniqueness_quantification/4.xml,770.0598239898682,407.9852104187012,True
MathArticles/wpmath0000009/Generalised_circle/6.xml,782.2909355163574,437.4120235443115,True
MathArticles/wpmath0000015/TP_model_transformation_in_control_theory/2.xml,4595.5870151519775,4263.92674446106,True
MathArticles/wpmath0000003/Faà_di_Bruno's_formula/26.xml,2791.003465652466,2497.802257537842,True
MathArticles/wpmath0000013/Percolation_critical_exponents/55.xml,1630.5227279663086,1288.5863780975342,True
MathArticles/wpmath0000002/Thales'_theorem/9.xml,1083.3430290222168,684.0412616729736,True
MathArticles/wpmath0000008/Carnot_cycle/2.xml,1001.4054775238037,608.0780029296875,True
MathArticles/wpmath0000004/Multiplier_(Fourier_analysis)/145.xml,910.3264808654785,720.8421230316162,True
MathArticles/wpmath0000006/Noncentral_chi_distribution/17.xml,6867.731809616089,6749.7718334198,True
MathArticles/wpmath0000005/Iterated_function/105.xml,1944.8177814483643,1506.9286823272705,True
MathArticles/wpmath0000002/Negative_feedback/0.xml,1347.7025032043457,909.360408782959,True
MathArticles/wpmath0000002/Dispersion_(optics)/9.xml,1224.726676940918,838.7594223022461,True
MathArticles/wpmath0000007/XTR/54.xml,2166.957378387451,1877.3581981658936,True
MathArticles/wpmath0000011/X-Machine_Testing/5.xml,464.7715091705322,208.3282470703125,True
MathArticles/wpmath0000001/Möbius_inversion_formula/5.xml,736.9880676269531,391.7534351348877,True
MathArticles/wpmath0000003/List_of_moments_of_inertia/55.xml,1411.9946956634521,992.711305618286,True
MathArticles/wpmath0000006/Tautological_bundle/13.xml,721.4274406433105,330.960750579834,True
MathArticles/wpmath0000009/Product_integral/14.xml,925.3461360931396,511.6584300994873,True
MathArticles/wpmath0000004/Solovay–Strassen_primality_test/4.xml,783.4773063659668,412.2648239135742,True
MathArticles/wpmath0000001/Affine_transformation/57.xml,753.9632320404053,399.1384506225586,True
MathArticles/wpmath0000015/Monoid_factorisation/1.xml,954.2746543884277,797.6925373077393,True
MathArticles/wpmath0000012/Fréchet_distance/37.xml,2587.4736309051514,2239.959239959717,True
MathArticles/wpmath0000014/Existential_theory_of_the_reals/13.xml,580.1444053649902,332.61609077453613,True
MathArticles/wpmath0000008/Metric_derivative/13.xml,816.7417049407959,467.8628444671631,True
MathArticles/wpmath0000005/Matrix_calculus/313.xml,751.1589527130127,392.3630714416504,True
MathArticles/wpmath0000001/Complex_number/56.xml,1459.238052368164,1207.714557647705,True
MathArticles/wpmath0000008/Vectorization_(mathematics)/9.xml,956.9671154022217,499.4630813598633,True
MathArticles/wpmath0000012/Half-normal_distribution/15.xml,1034.7321033477783,740.2684688568115,True
MathArticles/wpmath0000014/Rosati_involution/17.xml,689.6486282348633,407.3038101196289,True
MathArticles/wpmath0000003/Group_ring/26.xml,846.7733860015869,579.8628330230713,True
MathArticles/wpmath0000013/Zeta_function_(operator)/1.xml,893.0044174194336,548.9802360534668,True
MathArticles/wpmath0000006/Gauge_covariant_derivative/15.xml,988.349437713623,625.1239776611328,True
MathArticles/wpmath0000009/Dirichlet_algebra/0.xml,4594.650983810425,4235.97264289856,True
MathArticles/wpmath0000001/Exponential_distribution/28.xml,1113.5938167572021,656.2862396240234,True
MathArticles/wpmath0000013/Thin-film_interference/10.xml,6067.361116409302,5815.526962280273,True
MathArticles/wpmath0000014/Dagum_distribution/9.xml,847.4135398864746,508.6441040039063,True
MathArticles/wpmath0000014/Kirchhoff's_diffraction_formula/20.xml,1301.248550415039,858.9179515838623,True
MathArticles/wpmath0000004/Black-body_radiation/67.xml,830.3289413452148,525.4006385803223,True
MathArticles/wpmath0000001/Euclidean_space/20.xml,2665.4906272888184,2357.91277885437,True
MathArticles/wpmath0000006/Fresnel_diffraction/25.xml,470.89409828186035,248.0368614196777,True
MathArticles/wpmath0000014/Vaidya_metric/65.xml,1050.9812831878662,636.9526386260986,True
MathArticles/wpmath0000002/Counting_measure/6.xml,924.9348640441895,642.4994468688965,True
MathArticles/wpmath0000009/Contact_mechanics/29.xml,893.8026428222656,650.7599353790283,True
MathArticles/wpmath0000009/Nakagami_distribution/18.xml,737.6995086669922,416.0358905792236,True
MathArticles/wpmath0000009/Elliptic_boundary_value_problem/64.xml,871.4687824249268,685.9526634216309,True
MathArticles/wpmath0000013/Equilibrium_chemistry/32.xml,802.7505874633789,564.9466514587402,True
MathArticles/wpmath0000013/Lagrangian_mechanics/4.xml,1842.2353267669678,1447.7155208587646,True
MathArticles/wpmath0000010/Synaptic_augmentation/3.xml,681.49733543396,424.0469932556152,True
MathArticles/wpmath0000007/Latent_Dirichlet_allocation/36.xml,2962.472438812256,2718.970537185669,True
MathArticles/wpmath0000007/Cook's_distance/0.xml,957.4534893035889,627.2177696228027,True
MathArticles/wpmath0000004/Verlet_integration/71.xml,1426.8722534179688,1208.0323696136477,True
MathArticles/wpmath0000005/Matrix_calculus/15.xml,580.3234577178955,283.60891342163086,True
MathArticles/wpmath0000013/Holmgren's_uniqueness_theorem/2.xml,815.3643608093262,533.7445735931396,True
MathArticles/wpmath0000003/Von_Neumann_bicommutant_theorem/58.xml,6585.488796234131,6537.160158157349,True
MathArticles/wpmath0000005/Thermodynamic_equations/10.xml,611.8199825286865,371.0978031158447,True
MathArticles/wpmath0000002/Forward_contract/27.xml,6546.936511993408,6337.658882141113,True
MathArticles/wpmath0000006/Monochromatic_electromagnetic_plane_wave/32.xml,2786.8003845214844,2477.845430374145,True
MathArticles/wpmath0000001/Sedenion/8.xml,1099.013090133667,591.4885997772217,True
MathArticles/wpmath0000006/Stokes_radius/9.xml,8012.990713119507,8204.045295715332,True
MathArticles/wpmath0000013/Generalized_normal_distribution/11.xml,2713.4764194488525,2454.22625541687,True
MathArticles/wpmath0000011/Abstract_family_of_acceptors/77.xml,984.4515323638916,508.9223384857178,True
MathArticles/wpmath0000007/Routhian_mechanics/207.xml,735.0094318389893,397.7339267730713,True
MathArticles/wpmath0000003/Chern–Simons_theory/12.xml,1080.6381702423096,638.9620304107666,True
MathArticles/wpmath0000015/Entropy_production/34.xml,766.974925994873,428.2853603363037,True
MathArticles/wpmath0000007/Random_permutation_statistics/243.xml,1422.9583740234375,1048.1600761413574,True
MathArticles/wpmath0000006/Euler_function/11.xml,1721.5428352355957,1337.4090194702148,True
MathArticles/wpmath0000012/Dynamic_rectangle/6.xml,672.656774520874,435.48083305358887,True
MathArticles/wpmath0000013/Compatibility_(mechanics)/14.xml,782.2918891906738,467.6327705383301,True
MathArticles/wpmath0000002/Commutative_property/11.xml,750.0860691070557,387.35318183898926,True
MathArticles/wpmath0000002/Column_space/6.xml,1143.4533596038818,861.7184162139893,True
MathArticles/wpmath0000003/Cramér–Rao_bound/54.xml,812.9360675811768,449.8038291931152,True
MathArticles/wpmath0000006/Superconformal_algebra/28.xml,829.4055461883545,527.1883010864258,True
MathArticles/wpmath0000012/Syncategorematic_term/9.xml,1331.46333694458,1016.2308216094972,True
MathArticles/wpmath0000013/Phase_qubit/31.xml,4240.793704986572,3773.970365524292,True
MathArticles/wpmath0000016/Hopfield_dielectric/2.xml,1033.5288047790527,559.7171783447266,True
MathArticles/wpmath0000001/Born–Oppenheimer_approximation/86.xml,6724.339962005615,6293.932914733887,True
MathArticles/wpmath0000008/Ecosystem_model/1.xml,1533.0214500427246,1152.4372100830078,True
MathArticles/wpmath0000009/List_of_space_groups/339.xml,969.7160720825195,758.1841945648193,True
MathArticles/wpmath0000005/Poincaré_metric/20.xml,907.7112674713135,559.1285228729248,True
MathArticles/wpmath0000016/Effect_Model_law/28.xml,3909.992456436157,3585.8075618743896,True
MathArticles/wpmath0000013/Super-resolution_microscopy/1.xml,609.760046005249,318.45736503601074,True
MathArticles/wpmath0000005/Reduced_form/1.xml,1708.8539600372314,1250.401258468628,True
MathArticles/wpmath0000013/Range_concatenation_grammars/33.xml,2690.788507461548,2406.5215587615967,True
MathArticles/wpmath0000002/Spectral_density/28.xml,4711.2438678741455,4342.483997344971,True
MathArticles/wpmath0000001/Field_(mathematics)/23.xml,1078.432559967041,734.3313694000244,True
MathArticles/wpmath0000003/Proper_time/7.xml,4752.887010574341,5014.551877975464,True
MathArticles/wpmath0000007/Truncated_5-cell/14.xml,953.7334442138672,533.9300632476807,True
MathArticles/wpmath0000002/History_of_geodesy/1.xml,2907.710313796997,2782.867908477783,True
MathArticles/wpmath0000012/Yeoh_(hyperelastic_model)/25.xml,953.5093307495117,575.2520561218262,True
MathArticles/wpmath0000002/Time_value_of_money/40.xml,1031.609296798706,648.6659049987793,True
MathArticles/wpmath0000009/Template_Elastic_moduli/8.xml,1378.6969184875488,1045.8996295928955,True
MathArticles/wpmath0000004/Curvilinear_coordinates/40.xml,2815.0155544281006,2452.2647857666016,True
MathArticles/wpmath0000012/File_CrystalBallFunction.gif/3.xml,2688.892602920532,2518.817901611328,True
MathArticles/wpmath0000001/Maxwell's_equations/178.xml,828.5810947418213,436.1329078674317,True
MathArticles/wpmath0000014/Classical_Cepheid_variable/6.xml,3031.765937805176,2811.176300048828,True
MathArticles/wpmath0000016/Finite_volume_method_for_unsteady_flow/15.xml,906.559944152832,523.4935283660889,True
MathArticles/wpmath0000008/Courant_bracket/15.xml,890.6345367431641,602.3714542388916,True
MathArticles/wpmath0000001/Laplace_transform/109.xml,1938.9710426330566,1643.522024154663,True
MathArticles/wpmath0000003/Density_of_air/20.xml,2142.5352096557617,1892.8563594818115,True
MathArticles/wpmath0000002/Bode_plot/32.xml,6549.349069595337,6541.177749633789,True
MathArticles/wpmath0000009/Clutter_(radar)/18.xml,6193.872690200806,6011.6868019104,True
MathArticles/wpmath0000006/Situation_calculus/2.xml,2408.294677734375,2142.711639404297,True
MathArticles/wpmath0000009/Céa's_lemma/142.xml,921.8778610229492,482.07831382751465,True
MathArticles/wpmath0000012/Partial_molar_property/28.xml,765.6264305114746,424.7028827667236,True
MathArticles/wpmath0000016/Intersection_(Euclidean_geometry)/78.xml,844.0709114074707,470.6759452819824,True
MathArticles/wpmath0000001/Metropolis–Hastings_algorithm/17.xml,969.7268009185791,581.6407203674316,True
MathArticles/wpmath0000004/Adiabatic_theorem/40.xml,718.7533378601074,515.8431529998779,True
MathArticles/wpmath0000016/Lorentz-violating_electrodynamics/39.xml,921.882152557373,780.6150913238525,True
MathArticles/wpmath0000014/Naor-Reingold_Pseudorandom_Function/50.xml,1219.8214530944824,767.601728439331,True
MathArticles/wpmath0000008/Space_(mathematics)/8.xml,859.8527908325195,455.7373523712158,True
MathArticles/wpmath0000010/Padua_points/31.xml,1517.1451568603516,1114.0480041503906,True
MathArticles/wpmath0000014/Local_Elevation/5.xml,1016.5932178497314,625.8828639984131,True
MathArticles/wpmath0000013/Alan_M._Frieze/14.xml,516.0384178161621,218.69468688964844,True
MathArticles/wpmath0000006/Interleave_sequence/1.xml,5362.904071807861,5133.422374725342,True
MathArticles/wpmath0000004/Adiabatic_theorem/10.xml,813.4474754333496,422.6219654083252,True
MathArticles/wpmath0000014/Orbital_angular_momentum_of_light/25.xml,1000.4165172576904,561.4221096038818,True
MathArticles/wpmath0000004/Muzzle_energy/0.xml,7580.643892288208,7358.296871185303,True
MathArticles/wpmath0000007/Zero_differential_overlap/2.xml,1564.4571781158447,1284.757375717163,True
MathArticles/wpmath0000013/Indefinite_sum/16.xml,1015.8693790435791,596.3432788848877,True
MathArticles/wpmath0000006/Verma_module/78.xml,2034.2328548431396,1631.8740844726562,True
MathArticles/wpmath0000007/Schoof's_algorithm/61.xml,1971.2958335876465,1695.6429481506348,True
MathArticles/wpmath0000010/Timoshenko_beam_theory/75.xml,1953.8252353668213,1670.767307281494,True
MathArticles/wpmath0000005/Mittag-Leffler_function/3.xml,1016.1876678466797,633.6359977722168,True
MathArticles/wpmath0000001/Product_of_rings/1.xml,578.7150859832764,311.9616508483887,True
MathArticles/wpmath0000001/Uniform_continuity/26.xml,469.39635276794434,266.8778896331787,True
MathArticles/wpmath0000007/Weak_formulation/23.xml,1312.8325939178467,1232.0613861083984,True
MathArticles/wpmath0000005/Villarceau_circles/1.xml,1907.334566116333,1528.1128883361816,True
MathArticles/wpmath0000012/Polynomial_code/66.xml,453.13143730163574,219.44713592529297,True
MathArticles/wpmath0000004/Valuation_ring/8.xml,453.4919261932373,283.6322784423828,True
MathArticles/wpmath0000006/Circle_bundle/5.xml,687.9703998565674,470.477819442749,True
MathArticles/wpmath0000002/Differential_operator/35.xml,969.3410396575928,695.4402923583984,True
MathArticles/wpmath0000004/Fugacity/17.xml,938.8017654418945,570.9595680236816,True
MathArticles/wpmath0000006/Maxwell_stress_tensor/15.xml,1704.6256065368652,1435.310125350952,True
MathArticles/wpmath0000005/Term_symbol/0.xml,970.3338146209717,564.8229122161865,True
MathArticles/wpmath0000008/Line–sphere_intersection/13.xml,1157.3331356048584,739.4578456878662,True
MathArticles/wpmath0000014/Geopotential_model/17.xml,4736.170768737793,4653.655529022217,True
MathArticles/wpmath0000014/Coorbit_theory/5.xml,985.1062297821045,585.9720706939697,True
MathArticles/wpmath0000014/Growing_self-organizing_map/21.xml,578.1252384185791,419.9588298797608,True
MathArticles/wpmath0000012/Monogenic_field/2.xml,938.788652420044,595.3946113586426,True
MathArticles/wpmath0000003/Covariant_derivative/40.xml,1031.2469005584717,682.0073127746582,True
MathArticles/wpmath0000007/Minkowski_plane/69.xml,3047.596216201782,3032.69362449646,True
MathArticles/wpmath0000003/Riemann–Liouville_integral/8.xml,828.5536766052246,430.1657676696777,True
MathArticles/wpmath0000016/Tensor_operator/65.xml,4365.203380584717,4369.917392730713,True
MathArticles/wpmath0000007/Persistence_length/4.xml,6596.5704917907715,6528.435468673706,True
MathArticles/wpmath0000007/Majority_logic_decoding/13.xml,1829.4563293457031,1484.288215637207,True
MathArticles/wpmath0000005/Laplace–Beltrami_operator/25.xml,797.3744869232178,401.9351005554199,True
MathArticles/wpmath0000009/Ornstein–Zernike_equation/0.xml,2738.3270263671875,2405.2393436431885,True
MathArticles/wpmath0000006/Interval_arithmetic/31.xml,687.5057220458984,403.2130241394043,True
MathArticles/wpmath0000013/Range_concatenation_grammars/58.xml,891.1442756652832,546.3893413543701,True
MathArticles/wpmath0000007/Quasi-bialgebra/38.xml,1078.9477825164795,675.8899688720703,True
MathArticles/wpmath0000007/Field_line/1.xml,1203.4664154052734,1050.123691558838,True
MathArticles/wpmath0000005/Finite_model_theory/21.xml,1672.2664833068848,1498.2070922851562,True
MathArticles/wpmath0000016/Additive_State_Decomposition/6.xml,1344.1238403320312,974.5423793792723,True
MathArticles/wpmath0000012/Wind_turbine_aerodynamics/7.xml,7518.691301345825,7596.977710723877,True
MathArticles/wpmath0000016/Biconvex_optimization/15.xml,1720.4904556274414,1494.135856628418,True
MathArticles/wpmath0000015/Hybrid_difference_scheme/42.xml,1500.471830368042,1133.1253051757812,True
MathArticles/wpmath0000001/Special_relativity/42.xml,3391.2711143493652,3149.493932723999,True
MathArticles/wpmath0000009/Well-pointed_category/1.xml,672.5003719329834,369.7333335876465,True
MathArticles/wpmath0000016/Symmetric_spectrum/2.xml,765.6302452087402,484.8589897155762,True
MathArticles/wpmath0000008/CLEO_(particle_detector)/15.xml,876.3012886047363,657.0737361907959,True
MathArticles/wpmath0000003/Borel–Kolmogorov_paradox/3.xml,7659.815073013306,7616.794586181641,True
MathArticles/wpmath0000014/Ordinary_differential_equation/42.xml,1015.6292915344238,518.1021690368652,True
MathArticles/wpmath0000009/Expected_shortfall/15.xml,719.2776203155518,392.6432132720947,True
MathArticles/wpmath0000014/Submodular_set_function/6.xml,531.7225456237793,188.0936622619629,True
MathArticles/wpmath0000009/Schatten_norm/26.xml,531.2423706054688,250.0088214874268,True
MathArticles/wpmath0000003/Constructible_universe/0.xml,875.5760192871094,500.720739364624,True
MathArticles/wpmath0000003/Rhombic_dodecahedron/0.xml,781.2519073486328,424.5219230651856,True
MathArticles/wpmath0000004/Mathematical_coincidence/1.xml,765.9814357757568,421.94628715515137,True
MathArticles/wpmath0000005/Eisenstein_series/4.xml,1297.6281642913818,909.6214771270752,True
MathArticles/wpmath0000013/Non-topological_soliton/55.xml,6300.111532211304,6098.696708679199,True
MathArticles/wpmath0000002/Operator_norm/11.xml,578.8462162017822,298.75874519348145,True
MathArticles/wpmath0000015/Affine_term_structure_model/13.xml,2033.8726043701172,1661.5753173828125,True
MathArticles/wpmath0000007/Tautology_(logic)/29.xml,750.3118515014648,405.7300090789795,True
MathArticles/wpmath0000013/Froda's_theorem/24.xml,1031.7518711090088,609.4686985015869,True
MathArticles/wpmath0000006/Cellular_homology/51.xml,954.0789127349854,533.3130359649658,True
MathArticles/wpmath0000003/Semiring/14.xml,938.3511543273926,641.6647434234619,True
MathArticles/wpmath0000010/Portal_Chemistry__Useful_equations_and_links/102.xml,906.893253326416,501.0201930999756,True
MathArticles/wpmath0000001/Geostationary_orbit/2.xml,6033.165216445923,5802.024841308594,True
MathArticles/wpmath0000012/Euler's_factorization_method/22.xml,719.8164463043213,406.9492816925049,True
MathArticles/wpmath0000012/Riemannian_connection_on_a_surface/32.xml,484.6971035003662,174.56483840942383,True
MathArticles/wpmath0000003/Deutsch–Jozsa_algorithm/47.xml,1032.329797744751,705.1174640655518,True
MathArticles/wpmath0000013/Narrow_escape_problem/3.xml,4612.224578857422,4249.910354614258,True
MathArticles/wpmath0000012/List_of_nonlinear_partial_differential_equations/5.xml,3626.4333724975586,3198.975086212158,True
MathArticles/wpmath0000002/John_Wallis/2.xml,4657.360553741455,4457.169055938721,True
MathArticles/wpmath0000008/Mortgage_calculator/6.xml,4601.09806060791,4077.1894454956055,True
MathArticles/wpmath0000004/Positive_set_theory/11.xml,484.38191413879395,187.5026226043701,True
MathArticles/wpmath0000008/Bending_moment/17.xml,859.7238063812256,548.4418869018555,True
MathArticles/wpmath0000010/Schrödinger_field/8.xml,984.3699932098389,569.587230682373,True
MathArticles/wpmath0000001/Reed-Solomon_error_correction/230.xml,3766.6702270507812,3370.6932067871094,True
MathArticles/wpmath0000001/Mandelbrot_set/116.xml,5800.06217956543,5692.579746246338,True
MathArticles/wpmath0000004/Mathematical_modelling_of_infectious_disease/12.xml,1580.6090831756592,1091.7811393737793,True
MathArticles/wpmath0000001/Continuum_mechanics/152.xml,2000.6263256072998,1630.5701732635498,True
MathArticles/wpmath0000012/Entropic_vector/56.xml,671.8759536743164,408.4196090698242,True
MathArticles/wpmath0000013/Stiffness_matrix/9.xml,782.0947170257568,421.8635559082031,True
MathArticles/wpmath0000010/Quasi-isometry/22.xml,2469.587564468384,2163.34080696106,True
MathArticles/wpmath0000009/Polynomial_greatest_common_divisor/91.xml,1939.316749572754,1488.4514808654783,True
MathArticles/wpmath0000001/Huygens–Fresnel_principle/2.xml,2345.097064971924,1880.781650543213,True
MathArticles/wpmath0000006/Larmor_formula/33.xml,1953.883409500122,1567.5392150878906,True
MathArticles/wpmath0000007/Transmission_disequilibrium_test/26.xml,1219.653606414795,782.2360992431641,True
MathArticles/wpmath0000005/Edge-graceful_labeling/2.xml,719.4304466247559,408.433198928833,True
MathArticles/wpmath0000015/Conformastatic_spacetimes/2.xml,2518.834352493286,2210.1151943206787,True
MathArticles/wpmath0000001/Separable_space/20.xml,922.152042388916,658.411979675293,True
MathArticles/wpmath0000008/Bending_moment/38.xml,2516.997814178467,2132.2569847106934,True
MathArticles/wpmath0000002/Multilinear_map/43.xml,1422.8229522705078,1064.1865730285645,True
MathArticles/wpmath0000013/Reflections_of_signals_on_conducting_lines/102.xml,812.8995895385742,439.1758441925049,True
MathArticles/wpmath0000004/G2_manifold/2.xml,750.2310276031494,437.5894069671631,True
MathArticles/wpmath0000001/Horner's_method/6.xml,6552.000999450684,6302.95205116272,True
MathArticles/wpmath0000012/Mild-slope_equation/113.xml,2595.472574234009,2180.5310249328613,True
MathArticles/wpmath0000012/Euler_spiral/9.xml,703.1252384185791,366.0056591033936,True
MathArticles/wpmath0000005/Particle_acceleration/1.xml,781.1779975891113,438.0192756652832,True
MathArticles/wpmath0000008/Betti's_theorem/19.xml,766.2999629974365,438.4727478027344,True
MathArticles/wpmath0000003/Free_product/7.xml,781.6989421844482,471.0662364959717,True
MathArticles/wpmath0000016/Monotone_comparative_statics/438.xml,766.6990756988525,408.6580276489258,True
MathArticles/wpmath0000001/Depth_of_field/198.xml,829.1342258453369,437.1156692504883,True
MathArticles/wpmath0000004/Curvilinear_coordinates/8.xml,890.615701675415,552.2291660308838,True
MathArticles/wpmath0000013/IBAF_World_Rankings/0.xml,2703.8774490356445,2446.943759918213,True
MathArticles/wpmath0000007/D'Alembert's_formula/24.xml,1173.1648445129395,768.7699794769287,True
MathArticles/wpmath0000012/Template_Circlenotation/0.xml,453.13167572021484,171.87976837158203,True
MathArticles/wpmath0000007/Jacobi_method/2.xml,1031.2435626983643,735.5048656463623,True
MathArticles/wpmath0000001/Ideal_(ring_theory)/54.xml,609.7474098205566,313.7538433074951,True
MathArticles/wpmath0000004/Stone–von_Neumann_theorem/111.xml,1189.7943019866943,782.8307151794434,True
MathArticles/wpmath0000013/Connes_embedding_problem/5.xml,1188.4572505950928,860.1369857788086,True
MathArticles/wpmath0000005/Solar_irradiance/22.xml,3455.2268981933594,3136.5652084350586,True
MathArticles/wpmath0000014/Radiation_stress/28.xml,1031.5546989440918,626.7573833465576,True
MathArticles/wpmath0000006/Degenerate_energy_levels/75.xml,6487.129688262939,6303.548812866211,True
MathArticles/wpmath0000009/Stirling_numbers_and_exponential_generating_functions_in_symbolic_combinatorics/15.xml,1063.655138015747,611.3414764404297,True
MathArticles/wpmath0000012/Rogers–Ramanujan_continued_fraction/35.xml,4549.3004322052,4264.4944190979,True
MathArticles/wpmath0000006/Euler–Bernoulli_beam_theory/40.xml,1266.1359310150146,956.4297199249268,True
MathArticles/wpmath0000013/Rossmo's_formula/9.xml,5533.1456661224365,5361.75799369812,True
MathArticles/wpmath0000007/Abraham–Lorentz_force/10.xml,734.3740463256836,438.4000301361084,True
MathArticles/wpmath0000006/Semicubical_parabola/13.xml,1531.6507816314697,1161.0934734344482,True
MathArticles/wpmath0000001/Dimensional_analysis/93.xml,531.7192077636719,203.19628715515137,True
MathArticles/wpmath0000005/Correlation_function_(statistical_mechanics)/22.xml,1079.1735649108887,642.4894332885742,True
MathArticles/wpmath0000011/Four_exponentials_conjecture/2.xml,2894.6752548217773,2460.181951522827,True
MathArticles/wpmath0000003/Projective_module/2.xml,875.4162788391113,439.1820430755615,True
MathArticles/wpmath0000013/Parity_function/20.xml,500.43630599975586,250.90670585632324,True
MathArticles/wpmath0000005/Fast_wavelet_transform/34.xml,751.6305446624756,409.1811180114746,True
MathArticles/wpmath0000012/Derivation_of_the_Routh_array/107.xml,968.7433242797852,814.2757415771484,True
MathArticles/wpmath0000015/Onsager–Machlup_function/5.xml,1140.6290531158447,689.0130043029785,True
MathArticles/wpmath0000013/Mobile_Membranes/56.xml,734.3792915344238,377.00700759887695,True
MathArticles/wpmath0000008/Volterra_series/22.xml,1064.9008750915527,644.4845199584961,True
MathArticles/wpmath0000008/Cross-entropy_method/7.xml,920.968770980835,549.0467548370361,True
MathArticles/wpmath0000012/True_quantified_Boolean_formula/11.xml,718.7581062316895,407.89175033569336,True
MathArticles/wpmath0000002/Allele_frequency/1.xml,6614.3958568573,6350.419521331787,True
MathArticles/wpmath0000001/Heterodyne/7.xml,3564.8999214172363,3167.0913696289062,True
MathArticles/wpmath0000004/Polaron/32.xml,1095.2069759368896,675.7137775421143,True
MathArticles/wpmath0000012/Hesse_normal_form/8.xml,656.7404270172119,437.664270401001,True
MathArticles/wpmath0000013/Congestion_game/76.xml,843.9798355102539,454.9520015716553,True
MathArticles/wpmath0000014/Adequality/32.xml,500.0002384185791,187.49070167541504,True
MathArticles/wpmath0000007/Microscopic_reversibility/0.xml,953.5191059112549,704.8172950744629,True
MathArticles/wpmath0000003/Common_collector/24.xml,2737.1907234191895,2618.4513568878174,True
MathArticles/wpmath0000004/Edge_coloring/72.xml,2000.6070137023926,1645.813226699829,True
MathArticles/wpmath0000007/Hopf_bifurcation/14.xml,3112.229347229004,2889.480829238892,True
MathArticles/wpmath0000014/Synge's_world_function/10.xml,861.433744430542,407.8776836395264,True
MathArticles/wpmath0000007/Cyclic_code/25.xml,4486.343860626221,4280.528545379639,True
MathArticles/wpmath0000012/FKG_inequality/41.xml,609.3766689300537,250.02384185791016,True
MathArticles/wpmath0000007/Duhamel's_integral/11.xml,1015.618085861206,580.2738666534424,True
MathArticles/wpmath0000014/Low-rank_approximation/10.xml,875.5273818969727,501.99317932128906,True
MathArticles/wpmath0000007/Relative_velocity/30.xml,812.7925395965576,486.4811897277832,True
MathArticles/wpmath0000001/Polar_coordinate_system/59.xml,986.0491752624512,611.6592884063721,True
MathArticles/wpmath0000002/Collision_detection/51.xml,4627.995491027832,4248.7733364105225,True
MathArticles/wpmath0000015/Self-dual_Palatini_action/159.xml,828.1242847442627,485.6481552124024,True
MathArticles/wpmath0000002/Rule_of_inference/0.xml,938.0602836608887,751.5578269958496,True
MathArticles/wpmath0000006/Brier_score/17.xml,1094.3808555603027,643.7587738037109,True
MathArticles/wpmath0000002/Heat_exchanger/10.xml,1062.882900238037,658.2906246185303,True
MathArticles/wpmath0000003/Gröbner_basis/63.xml,6237.093687057495,5990.514755249023,True
MathArticles/wpmath0000012/Latent_semantic_indexing/15.xml,3735.4576587677,3277.4879932403564,True
MathArticles/wpmath0000005/Hanbury_Brown_and_Twiss_effect/4.xml,5738.922595977783,5379.574537277222,True
MathArticles/wpmath0000001/Torque/35.xml,921.8761920928955,533.5817337036133,True
MathArticles/wpmath0000001/Latitude/20.xml,2830.620765686035,2539.7372245788574,True
MathArticles/wpmath0000006/Chevalley_scheme/10.xml,516.2014961242676,281.41307830810547,True
MathArticles/wpmath0000008/De_Gua's_theorem/3.xml,593.7559604644775,250.16093254089355,True
MathArticles/wpmath0000016/Stochastic_portfolio_theory/101.xml,3299.166679382324,3089.5235538482666,True
MathArticles/wpmath0000002/Quantum_decoherence/22.xml,703.8109302520752,397.7322578430176,True
MathArticles/wpmath0000004/Normal_order/104.xml,831.6116333007812,503.3450126647949,True
MathArticles/wpmath0000003/Cramér–Rao_bound/58.xml,750.6458759307861,407.74059295654297,True
MathArticles/wpmath0000001/Tide/1.xml,1672.499656677246,1379.0526390075684,True
MathArticles/wpmath0000012/Prototype_filter/11.xml,812.4945163726807,406.4064025878906,True
MathArticles/wpmath0000002/Moment_of_inertia/82.xml,1109.7309589385986,722.2788333892822,True
MathArticles/wpmath0000003/Smith_chart/84.xml,6379.584550857544,6225.424766540527,True
MathArticles/wpmath0000006/Magnetic_reluctance/5.xml,5551.365852355957,5300.281047821045,True
MathArticles/wpmath0000016/Polynomial_least_squares/105.xml,687.5171661376953,408.4451198577881,True
MathArticles/wpmath0000008/Wigner_D-matrix/15.xml,1016.2327289581299,626.1754035949707,True
MathArticles/wpmath0000016/Cartan_pair/4.xml,874.9990463256836,470.043420791626,True
MathArticles/wpmath0000013/Quantum_differential_calculus/28.xml,922.2614765167236,626.3678073883057,True
MathArticles/wpmath0000013/N-slit_interferometric_equation/8.xml,1094.656229019165,631.2437057495117,True
MathArticles/wpmath0000013/Cipolla's_algorithm/23.xml,4673.88916015625,4498.899936676025,True
MathArticles/wpmath0000002/Second_law_of_thermodynamics/73.xml,1470.0160026550293,1301.1834621429443,True
MathArticles/wpmath0000012/Littlewood–Richardson_rule/18.xml,827.7220726013184,441.1647319793701,True
MathArticles/wpmath0000009/Fourier_integral_operator/4.xml,954.0112018585205,594.6362018585205,True
MathArticles/wpmath0000009/Peierls_stress/0.xml,1001.9354820251465,688.5337829589844,True
MathArticles/wpmath0000013/Capacitated_minimum_spanning_tree/29.xml,6516.716241836548,6617.436647415161,True
MathArticles/wpmath0000014/Homomorphic_signatures_for_network_coding/144.xml,1313.1542205810547,910.8378887176514,True
MathArticles/wpmath0000008/Stochastic_volatility/5.xml,2735.4438304901123,2305.5381774902344,True
MathArticles/wpmath0000012/FOSD_origami/5.xml,734.3869209289551,390.6283378601074,True
MathArticles/wpmath0000013/General_Dirichlet_series/5.xml,5503.600120544434,5488.296270370483,True
MathArticles/wpmath0000009/Catalycity/2.xml,969.7937965393066,455.878496170044,True
MathArticles/wpmath0000012/Signature_operator/14.xml,1047.3849773406982,596.207857131958,True
MathArticles/wpmath0000007/Self-creation_cosmology/32.xml,984.9526882171631,563.9677047729492,True
MathArticles/wpmath0000001/Bra–ket_notation/45.xml,687.7999305725098,392.2839164733887,True
MathArticles/wpmath0000002/Local_ring/8.xml,6331.4149379730225,6146.91424369812,True
MathArticles/wpmath0000004/Tangent_half-angle_formula/12.xml,1406.7277908325195,941.570281982422,True
MathArticles/wpmath0000001/Borel–Cantelli_lemma/21.xml,750.3085136413574,455.5339813232422,True
MathArticles/wpmath0000004/Fermi's_interaction/4.xml,940.4888153076172,626.4591217041016,True
MathArticles/wpmath0000007/Clausius_theorem/14.xml,657.1142673492432,392.8050994873047,True
MathArticles/wpmath0000014/Product_distribution/6.xml,1000.9751319885254,658.5195064544678,True
MathArticles/wpmath0000005/Peak_signal-to-noise_ratio/0.xml,1047.492504119873,627.4209022521973,True
MathArticles/wpmath0000004/Conformal_symmetry/0.xml,890.9142017364502,502.070665359497,True
MathArticles/wpmath0000001/Density_matrix/35.xml,718.743085861206,454.0872573852539,True
MathArticles/wpmath0000013/Method_of_quantum_characteristics/111.xml,2471.135377883911,2102.722644805908,True
MathArticles/wpmath0000003/Square_triangular_number/31.xml,2047.1737384796143,1631.9026947021484,True
MathArticles/wpmath0000008/Absolute_presentation_of_a_group/22.xml,515.695333480835,268.2485580444336,True
MathArticles/wpmath0000015/J-structure/7.xml,1016.6466236114502,657.6871871948242,True
MathArticles/wpmath0000007/Cook's_distance/10.xml,672.2302436828613,471.73023223876953,True
MathArticles/wpmath0000005/Hull–White_model/17.xml,1985.3928089141846,1709.0868949890137,True
MathArticles/wpmath0000004/Combinatorial_number_system/8.xml,1656.604528427124,1270.491600036621,True
MathArticles/wpmath0000001/Quadratic_formula/85.xml,712.8093242645264,423.80571365356445,True
MathArticles/wpmath0000008/Grassmann's_law_(optics)/1.xml,2532.951593399048,2210.301160812378,True
MathArticles/wpmath0000001/Stefan-Boltzmann_law/111.xml,1782.2558879852295,1614.4521236419678,True
MathArticles/wpmath0000007/Symplectic_cut/29.xml,859.7407341003418,393.3782577514648,True
MathArticles/wpmath0000010/Universal_parabolic_constant/1.xml,6408.508062362671,6443.656921386719,True
MathArticles/wpmath0000007/Minakshisundaram–Pleijel_zeta_function/4.xml,906.2561988830566,469.9220657348633,True
MathArticles/wpmath0000002/Magnetic_susceptibility/17.xml,7786.805152893066,7839.726686477661,True
MathArticles/wpmath0000004/Verlet_integration/107.xml,3424.039363861084,3087.704658508301,True
MathArticles/wpmath0000009/Channel-state_duality/3.xml,671.8738079071045,361.3860607147217,True
MathArticles/wpmath0000001/Big_O_notation/17.xml,1047.8589534759521,610.4512214660645,True
MathArticles/wpmath0000007/McNemar's_test/4.xml,1408.42866897583,1019.65594291687,True
MathArticles/wpmath0000004/Analytic_combinatorics/13.xml,766.0303115844727,406.7740440368652,True
MathArticles/wpmath0000007/Poincaré_inequality/5.xml,906.6019058227539,547.8572845458984,True
MathArticles/wpmath0000006/Pentation/32.xml,906.6338539123535,532.8853130340576,True
MathArticles/wpmath0000015/Noncommutative_signal-flow_graph/15.xml,704.709529876709,517.5092220306396,True
MathArticles/wpmath0000001/Inclined_plane/21.xml,1641.345739364624,1317.300796508789,True
MathArticles/wpmath0000004/Ramanujan–Petersson_conjecture/52.xml,3064.3694400787354,2915.567636489868,True
MathArticles/wpmath0000003/Loss_function/20.xml,985.0215911865234,502.08473205566406,True
MathArticles/wpmath0000007/Ballistic_conduction/19.xml,4643.292665481567,4518.434286117554,True
MathArticles/wpmath0000007/Grüneisen_parameter/47.xml,1109.7614765167236,658.3781242370605,True
MathArticles/wpmath0000005/Cournot_competition/56.xml,953.3617496490479,517.4405574798584,True
MathArticles/wpmath0000003/Module_homomorphism/3.xml,1688.4491443634033,1284.1274738311768,True
MathArticles/wpmath0000004/Kronecker_symbol/28.xml,1996.0272312164307,1598.9644527435305,True
MathArticles/wpmath0000009/The_Dark_Energy_Survey/61.xml,1047.4436283111572,579.7016620635986,True
MathArticles/wpmath0000002/Zeta_distribution/0.xml,828.129768371582,468.5282707214356,True
MathArticles/wpmath0000006/Steenrod_algebra/9.xml,953.6879062652588,548.9633083343506,True
MathArticles/wpmath0000005/Schwarzschild_geodesics/121.xml,1016.0994529724121,627.2804737091064,True
MathArticles/wpmath0000002/Initialized_fractional_calculus/0.xml,2111.802339553833,1788.5842323303225,True
MathArticles/wpmath0000009/Flatness_(systems_theory)/12.xml,937.8335475921631,576.1163234710693,True
MathArticles/wpmath0000003/Dodecagon/4.xml,969.4657325744629,549.4885444641113,True
MathArticles/wpmath0000001/Polish_notation/18.xml,484.84110832214355,234.29059982299805,True
MathArticles/wpmath0000013/Subliminal_channel/40.xml,906.2502384185791,627.0923614501953,True
MathArticles/wpmath0000007/Buzen's_algorithm/7.xml,1219.1267013549805,814.5432472229004,True
MathArticles/wpmath0000014/Cartesian_monoid/5.xml,3018.389940261841,2862.2641563415527,True
MathArticles/wpmath0000014/Berlekamp–Welch_algorithm/158.xml,3689.453125,3404.0849208831787,True
MathArticles/wpmath0000012/Exact_division/18.xml,984.5964908599854,674.0241050720215,True
MathArticles/wpmath0000007/Joukowsky_transform/13.xml,2063.4686946868896,1677.7043342590332,True
MathArticles/wpmath0000009/Ducci_sequence/3.xml,986.0608577728271,672.997236251831,True
MathArticles/wpmath0000003/Apriori_algorithm/10.xml,1016.6909694671631,783.1480503082275,True
MathArticles/wpmath0000005/Suffix_array/23.xml,968.7545299530029,752.1674633026123,True
MathArticles/wpmath0000010/Schilder's_theorem/3.xml,812.9329681396484,470.935583114624,True
MathArticles/wpmath0000004/Karoubi_envelope/0.xml,859.375,641.9830322265625,True
MathArticles/wpmath0000003/Limit_cardinal/22.xml,453.3662796020508,186.80429458618164,True
MathArticles/wpmath0000003/Gorenstein_ring/8.xml,546.8661785125732,393.22686195373535,True
MathArticles/wpmath0000004/Wigner–Eckart_theorem/16.xml,640.932559967041,377.6991367340088,True
MathArticles/wpmath0000012/List_of_nonlinear_partial_differential_equations/84.xml,1000.0040531158447,549.102783203125,True
MathArticles/wpmath0000001/Centimetre–gram–second_system_of_units/20.xml,1080.0981521606445,814.246654510498,True
MathArticles/wpmath0000016/Spline_wavelet/51.xml,6469.815254211426,6288.9275550842285,True
MathArticles/wpmath0000016/L-cysteine_1D-myo-inositol_2-amino-2-deoxy-alpha-D-glucopyranoside_ligase/0.xml,1078.118085861206,899.1856575012207,True
MathArticles/wpmath0000001/Geometric_distribution/20.xml,2830.418586730957,2446.9308853149414,True
MathArticles/wpmath0000004/Spectrum_(topology)/40.xml,796.881914138794,437.4997615814209,True
MathArticles/wpmath0000004/Divergent_series/7.xml,1485.7664108276367,1096.2028503417969,True
MathArticles/wpmath0000016/Light-front_computational_methods/176.xml,1203.8469314575195,1004.5580863952636,True
MathArticles/wpmath0000009/Gauss's_continued_fraction/57.xml,1018.7852382659912,603.9385795593262,True
MathArticles/wpmath0000008/Random_phase_approximation/5.xml,750.5793571472168,432.8131675720215,True
MathArticles/wpmath0000001/Square_root/36.xml,985.0771427154541,578.8037776947021,True
MathArticles/wpmath0000005/Real_gas/10.xml,7502.547264099121,7431.965112686157,True
MathArticles/wpmath0000009/Flow_velocity/10.xml,750.4537105560303,376.35135650634766,True
MathArticles/wpmath0000006/Resolution_(logic)/22.xml,844.2208766937256,516.2298679351807,True
MathArticles/wpmath0000007/Unit-weighted_regression/0.xml,953.5601139068604,565.6697750091553,True
MathArticles/wpmath0000008/Category_Spiric_sections/0.xml,3081.6752910614014,2665.3828620910645,True
MathArticles/wpmath0000001/Density_matrix/42.xml,718.7480926513672,375.6275177001953,True
MathArticles/wpmath0000004/Differentiation_under_the_integral_sign/10.xml,953.5155296325684,533.3762168884277,True
MathArticles/wpmath0000014/Orbital_perturbation_analysis_(spacecraft)/18.xml,3922.697067260742,3717.167615890503,True
MathArticles/wpmath0000003/Frobenius_theorem_(differential_topology)/46.xml,1985.4233264923096,1600.0006198883057,True
MathArticles/wpmath0000003/Van_der_Pauw_method/11.xml,1282.2279930114746,832.2830200195312,True
MathArticles/wpmath0000016/Laver_property/13.xml,954.0274143218994,641.5412425994873,True
MathArticles/wpmath0000001/Floor_and_ceiling_functions/51.xml,546.8230247497559,237.2946739196777,True
MathArticles/wpmath0000005/Linkage_principle/31.xml,891.0610675811768,469.18749809265137,True
MathArticles/wpmath0000008/Elliptic_rational_functions/40.xml,6504.901170730591,6365.4773235321045,True
MathArticles/wpmath0000003/Knudsen_number/17.xml,1735.2831363677979,1411.7307662963867,True
MathArticles/wpmath0000012/Commutation_theorem/20.xml,922.1510887145996,502.3925304412842,True
MathArticles/wpmath0000008/Algebraically_closed_group/87.xml,922.797441482544,705.2090167999268,True
MathArticles/wpmath0000008/Crossed_ladders_problem/28.xml,3048.433542251587,2618.0896759033203,True
MathArticles/wpmath0000003/Linear_least_squares_(mathematics)/146.xml,5582.905292510986,5361.8574142456055,True
MathArticles/wpmath0000013/Jacobian_curve/10.xml,6848.72579574585,6884.465456008911,True
MathArticles/wpmath0000005/Multiresolution_analysis/17.xml,548.1469631195068,220.9808826446533,True
MathArticles/wpmath0000001/Catenary/62.xml,1016.9892311096191,564.6536350250244,True
MathArticles/wpmath0000005/Eccentricity_(mathematics)/13.xml,6252.563238143921,6052.078723907471,True
MathArticles/wpmath0000014/Bounded_type_(mathematics)/28.xml,4627.286434173584,4248.88014793396,True
MathArticles/wpmath0000002/Negative_resistance/112.xml,1078.5207748413086,688.1437301635742,True
MathArticles/wpmath0000006/Exact_cover/14.xml,718.7435626983643,485.4533672332764,True
MathArticles/wpmath0000003/Lattice_(order)/15.xml,468.7511920928955,204.763412475586,True
MathArticles/wpmath0000007/Alternating_permutation/27.xml,1187.5052452087402,863.560676574707,True
MathArticles/wpmath0000013/Bose–Mesner_algebra/65.xml,1375.77486038208,1035.2106094360352,True
MathArticles/wpmath0000002/Summation/35.xml,1047.6958751678467,550.588846206665,True
MathArticles/wpmath0000006/Simple_linear_regression/6.xml,890.5689716339111,454.8532962799072,True
MathArticles/wpmath0000008/Line–line_intersection/11.xml,1609.9398136138916,1299.445629119873,True
MathArticles/wpmath0000001/Accuracy_and_precision/0.xml,765.5487060546875,468.8642024993897,True
MathArticles/wpmath0000003/De_Sitter_universe/7.xml,4689.781665802002,4264.659404754639,True
MathArticles/wpmath0000012/Weak_gravitational_lensing/15.xml,593.8303470611572,299.09205436706543,True
MathArticles/wpmath0000016/Microscale_and_macroscale_models/12.xml,2625.4658699035645,2397.6378440856934,True
MathArticles/wpmath0000001/Euclidean_space/22.xml,5679.046392440796,5378.09419631958,True
MathArticles/wpmath0000012/Imaginary_hyperelliptic_curve/436.xml,877.1443367004395,442.9323673248291,True
MathArticles/wpmath0000006/Gamma_matrices/144.xml,941.1239624023438,529.4303894042969,True
MathArticles/wpmath0000012/Parity_problem_(sieve_theory)/10.xml,3024.3980884552,2852.161169052124,True
MathArticles/wpmath0000012/Matrix_differential_equation/13.xml,1096.3952541351318,657.4680805206299,True
MathArticles/wpmath0000003/Solid_of_revolution/5.xml,1329.7920227050781,925.3089427947998,True
MathArticles/wpmath0000007/Balian–Low_theorem/0.xml,2381.0205459594727,2066.650629043579,True
MathArticles/wpmath0000012/Meridian_arc/70.xml,4788.041591644287,4658.965826034546,True
MathArticles/wpmath0000014/GPS_enhancement/14.xml,2364.6061420440674,1829.507112503052,True
MathArticles/wpmath0000003/Outer_measure/11.xml,971.1582660675049,531.8198204040527,True
MathArticles/wpmath0000001/Compass-and-straightedge_construction/5.xml,987.8420829772949,547.3942756652832,True
MathArticles/wpmath0000004/Direct_methanol_fuel_cell/3.xml,799.3299961090088,437.9692077636719,True
MathArticles/wpmath0000012/Template_DoseConcentrationClearance/10.xml,2799.5498180389404,2486.3803386688232,True
MathArticles/wpmath0000013/Uncertainty_theory/97.xml,845.2718257904053,468.7361717224121,True
MathArticles/wpmath0000003/Geographic_coordinate_conversion/71.xml,2735.536813735962,2485.57996749878,True
MathArticles/wpmath0000006/Lambda_lifting/204.xml,860.0378036499023,531.327486038208,True
MathArticles/wpmath0000004/Compound_Poisson_distribution/1.xml,3517.1191692352295,3442.025899887085,True
MathArticles/wpmath0000004/Batalin–Vilkovisky_formalism/40.xml,1141.0088539123535,735.562801361084,True
MathArticles/wpmath0000015/Vector_logic/57.xml,969.4983959197998,516.2801742553711,True
MathArticles/wpmath0000007/Quadric_(projective_geometry)/92.xml,892.6980495452881,516.0722732543945,True
MathArticles/wpmath0000001/Cyclic_redundancy_check/2.xml,1922.464370727539,1501.075029373169,True
MathArticles/wpmath0000006/Neo-Hookean_solid/76.xml,4674.379825592041,4489.152193069458,True
MathArticles/wpmath0000007/Lifting_scheme/15.xml,625.0030994415283,296.8761920928955,True
MathArticles/wpmath0000015/CDP-L-myo-inositol_myo-inositolphosphotransferase/0.xml,1094.1951274871826,875.9398460388184,True
MathArticles/wpmath0000001/Floating_point/52.xml,954.1225433349609,578.7856578826904,True
MathArticles/wpmath0000016/Redundant_proof/2.xml,781.5062999725342,563.1787776947021,True
MathArticles/wpmath0000006/Table_of_Clebsch–Gordan_coefficients/324.xml,750.9434223175049,484.85279083251953,True
MathArticles/wpmath0000009/Spectral_risk_measure/31.xml,2876.620054244995,2455.9309482574463,True
MathArticles/wpmath0000001/Gluon/11.xml,903.6316871643066,595.2036380767822,True
MathArticles/wpmath0000002/Bohr_radius/10.xml,7724.257230758667,7789.59584236145,True
MathArticles/wpmath0000003/Kazimierz_Zarankiewicz/2.xml,2407.6285362243652,2081.1846256256104,True
MathArticles/wpmath0000015/Weyl_metrics/81.xml,1109.7030639648438,672.1961498260498,True
MathArticles/wpmath0000003/Lane–Emden_equation/76.xml,2031.6519737243652,1656.6267013549805,True
MathArticles/wpmath0000012/Pocket_set_theory/8.xml,765.6347751617432,437.5014305114746,True
MathArticles/wpmath0000001/Duty_cycle/0.xml,718.7497615814209,390.5456066131592,True
MathArticles/wpmath0000002/Möbius_transformation/133.xml,1158.1177711486816,750.3838539123535,True
MathArticles/wpmath0000003/Group_extension/7.xml,703.1261920928955,470.0806140899658,True
MathArticles/wpmath0000012/Spectral_concentration_problem/11.xml,1000.7050037384033,656.3293933868408,True
MathArticles/wpmath0000013/Packing_in_a_hypergraph/70.xml,984.9498271942139,578.0496597290039,True
MathArticles/wpmath0000014/Homomorphic_signatures_for_network_coding/18.xml,1719.8615074157715,1437.4995231628418,True
MathArticles/wpmath0000006/Rational_trigonometry/27.xml,1594.0892696380615,1140.6300067901611,True
MathArticles/wpmath0000014/Large_margin_nearest_neighbor/7.xml,1016.1597728729248,734.4789505004883,True
MathArticles/wpmath0000008/Fiber_(mathematics)/0.xml,531.247615814209,374.9964237213135,True
MathArticles/wpmath0000001/Genetic_algorithm/18.xml,734.9216938018799,468.7497615814209,True
MathArticles/wpmath0000004/Divided_differences/25.xml,1171.872854232788,781.2488079071045,True
MathArticles/wpmath0000005/Uniform_distribution_(discrete)/5.xml,1172.1973419189453,797.2345352172852,True
MathArticles/wpmath0000012/Ergodic_process/11.xml,1000.455379486084,593.8303470611572,True
MathArticles/wpmath0000006/List_of_fractals_by_Hausdorff_dimension/46.xml,3549.3805408477783,3189.4142627716064,True
MathArticles/wpmath0000001/Prime_number/10.xml,906.6183567047119,656.2519073486328,True
MathArticles/wpmath0000014/Posterior_predictive_distribution/1.xml,906.2473773956299,640.6455039978027,True
MathArticles/wpmath0000007/Cauchy_stress_tensor/214.xml,813.3938312530518,500.0770092010498,True
MathArticles/wpmath0000003/Gaussian_integral/40.xml,1284.5375537872314,796.877384185791,True
MathArticles/wpmath0000006/Mooney–Rivlin_solid/35.xml,2579.056978225708,2332.313299179077,True
MathArticles/wpmath0000007/Carathéodory–Jacobi–Lie_theorem/4.xml,562.4749660491943,297.37186431884766,True
MathArticles/wpmath0000013/K-factor_(marketing)/1.xml,797.2218990325928,484.3735694885254,True
MathArticles/wpmath0000009/Qualitative_variation/21.xml,1000.0030994415283,721.104621887207,True
MathArticles/wpmath0000003/Circle_of_a_sphere/5.xml,1126.598596572876,718.7545299530029,True
MathArticles/wpmath0000015/Mutation_(Jordan_algebra)/10.xml,2110.132932662964,1735.0103855133057,True
MathArticles/wpmath0000004/Constitutive_equation/44.xml,8081.474781036377,7901.574611663818,True
MathArticles/wpmath0000010/Trans-2-enoyl-CoA_reductase_(NAD+)/0.xml,1094.5227146148682,844.4535732269287,True
MathArticles/wpmath0000005/Friis_formulas_for_noise/7.xml,3501.3935565948486,3361.6209030151367,True
MathArticles/wpmath0000011/Non-linear_least_squares/59.xml,2626.685380935669,2315.1116371154785,True
MathArticles/wpmath0000006/Parameterized_post-Newtonian_formalism/135.xml,1391.8845653533936,1188.4586811065674,True
MathArticles/wpmath0000002/Chebyshev_polynomials/32.xml,2346.478223800659,1934.133768081665,True
MathArticles/wpmath0000001/Feynman_diagram/13.xml,844.0613746643066,516.2649154663086,True
MathArticles/wpmath0000003/Non-abelian_gauge_transformation/9.xml,4595.685958862305,4489.928245544434,True
MathArticles/wpmath0000016/Min_entropy/9.xml,891.0977840423584,591.7370319366455,True
MathArticles/wpmath0000004/Lyapunov_equation/8.xml,875.584602355957,620.5315589904785,True
MathArticles/wpmath0000016/Draft_Mutual_energy_theorem/43.xml,922.351598739624,590.6803607940674,True
MathArticles/wpmath0000007/Variance_decomposition_of_forecast_errors/4.xml,1016.0551071166992,716.4967060089111,True
MathArticles/wpmath0000015/Dispersive_body_waves/2.xml,3344.81143951416,3104.513168334961,True
MathArticles/wpmath0000012/Coulomb_wave_function/17.xml,1127.7532577514648,760.5950832366943,True
MathArticles/wpmath0000012/Durbin_test/15.xml,718.7588214874268,462.0168209075928,True
MathArticles/wpmath0000001/Dirac_equation/76.xml,969.25950050354,646.2769508361816,True
MathArticles/wpmath0000015/Matroid_polytope/18.xml,4548.250675201416,4382.212162017822,True
MathArticles/wpmath0000004/Hermitian_hat_wavelet/1.xml,1031.3119888305664,626.126766204834,True
MathArticles/wpmath0000006/Table_of_Clebsch–Gordan_coefficients/34.xml,812.8530979156494,583.1351280212402,True
MathArticles/wpmath0000004/Black-body_radiation/4.xml,781.2528610229492,561.678409576416,True
MathArticles/wpmath0000009/Schur_functor/0.xml,593.7473773956299,308.3512783050537,True
MathArticles/wpmath0000004/Method_of_analytic_tableaux/131.xml,4581.277847290039,4395.415544509888,True
MathArticles/wpmath0000013/Inductive_type/4.xml,767.1277523040771,519.4032192230225,True
MathArticles/wpmath0000015/Fractional_Poisson_process/67.xml,469.1357612609863,223.2344150543213,True
MathArticles/wpmath0000002/Lie_algebroid/14.xml,985.044002532959,621.9809055328369,True
MathArticles/wpmath0000016/Equation-free_modeling/3.xml,6425.135374069214,6530.770063400269,True
MathArticles/wpmath0000013/Mandelbulb/35.xml,2298.5126972198486,2022.2766399383545,True
MathArticles/wpmath0000012/Orthogonality_principle/6.xml,953.1245231628418,730.1106452941895,True
MathArticles/wpmath0000002/Recurrence_relation/108.xml,829.0793895721436,557.2209358215332,True
MathArticles/wpmath0000015/Background_subtraction/20.xml,812.8774166107178,435.12916564941406,True
MathArticles/wpmath0000007/Orthotropic_material/0.xml,829.5104503631592,555.1426410675049,True
MathArticles/wpmath0000012/Loop_variant/10.xml,594.2974090576172,307.7876567840576,True
MathArticles/wpmath0000001/Binomial_coefficient/171.xml,1346.63987159729,932.0697784423828,True
MathArticles/wpmath0000005/System_of_imprimitivity/7.xml,969.7694778442383,597.2716808319092,True
MathArticles/wpmath0000005/Square-cube_law/8.xml,4392.9123878479,4314.800500869751,True
MathArticles/wpmath0000004/Frenet–Serret_formulas/27.xml,1218.6551094055176,815.6201839447021,True
MathArticles/wpmath0000016/Datafly_algorithm/13.xml,485.05401611328125,225.86417198181152,True
MathArticles/wpmath0000001/Acoustic_theory/61.xml,703.4602165222168,422.84512519836426,True
MathArticles/wpmath0000001/Distribution_(mathematics)/0.xml,640.8846378326416,372.5306987762451,True
MathArticles/wpmath0000007/Orthotropic_material/69.xml,1406.5544605255127,1186.3470077514648,True
MathArticles/wpmath0000013/Föppl–von_Kármán_equations/25.xml,1406.869649887085,1029.7422409057615,True
MathArticles/wpmath0000003/Short-time_Fourier_transform/11.xml,1000.3154277801514,564.6486282348633,True
MathArticles/wpmath0000014/List_of_logic_systems/3.xml,1409.1298580169678,1091.8819904327393,True
MathArticles/wpmath0000007/Symmetric_derivative/12.xml,1094.4302082061768,722.5654125213623,True
MathArticles/wpmath0000004/Inverse_Galois_problem/6.xml,1110.3405952453613,826.8308639526367,True
MathArticles/wpmath0000013/Cipolla's_algorithm/72.xml,2189.142942428589,1949.561595916748,True
MathArticles/wpmath0000004/Canonical_quantization/14.xml,921.8783378601074,486.5801334381104,True
MathArticles/wpmath0000014/Ordinary_differential_equation/41.xml,2752.2454261779785,2432.864189147949,True
MathArticles/wpmath0000005/Countable_chain_condition/0.xml,859.3823909759521,664.8192405700684,True
MathArticles/wpmath0000001/Angular_momentum/163.xml,844.2976474761963,549.2377281188965,True
MathArticles/wpmath0000001/Elementary_algebra/218.xml,844.29931640625,529.3316841125488,True
MathArticles/wpmath0000002/Negative_resistance/141.xml,2892.0068740844727,2634.448766708374,True
MathArticles/wpmath0000014/Miller_theorem/0.xml,6414.646863937378,6422.229766845703,True
MathArticles/wpmath0000013/Transposable_integer/80.xml,1218.7490463256836,1005.2781105041504,True
MathArticles/wpmath0000014/Naor-Reingold_Pseudorandom_Function/18.xml,6439.414501190186,6434.04746055603,True
MathArticles/wpmath0000002/Unit_vector/2.xml,829.6372890472412,424.1404533386231,True
MathArticles/wpmath0000014/Two-state_trajectory/0.xml,640.8267021179199,396.4571952819824,True
MathArticles/wpmath0000003/Kullback–Leibler_divergence/114.xml,875.3173351287842,484.3780994415283,True
MathArticles/wpmath0000014/Strictly_standardized_mean_difference/66.xml,705.1184177398682,453.9871215820313,True
MathArticles/wpmath0000001/Communication_complexity/4.xml,781.6281318664551,500.762939453125,True
MathArticles/wpmath0000007/Division_algorithm/3.xml,2656.9464206695557,2472.804069519043,True
MathArticles/wpmath0000006/Shear_rate/5.xml,829.857587814331,438.10319900512695,True
MathArticles/wpmath0000006/Lambda_lifting/108.xml,828.7365436553955,536.8623733520508,True
MathArticles/wpmath0000016/Range_mode_query/146.xml,875.457763671875,615.4859066009521,True
MathArticles/wpmath0000014/Product_numerical_range/3.xml,4595.454692840576,4414.214372634888,True
MathArticles/wpmath0000004/Graph_homomorphism/12.xml,1407.245397567749,1005.0244331359864,True
MathArticles/wpmath0000006/Quasi-finite_morphism/0.xml,812.436580657959,430.22727966308594,True
MathArticles/wpmath0000014/Coppersmith's_Attack/31.xml,1078.7932872772217,796.0991859436035,True
MathArticles/wpmath0000005/Correlation_function_(statistical_mechanics)/10.xml,533.071756362915,250.38504600524905,True
MathArticles/wpmath0000004/Lagrange_reversion_theorem/6.xml,4657.688856124878,4579.477787017822,True
MathArticles/wpmath0000016/Singular_trace/24.xml,1032.609224319458,616.7590618133545,True
MathArticles/wpmath0000005/Canonical_ring/6.xml,1953.7386894226074,1493.30472946167,True
MathArticles/wpmath0000013/Quantum_spacetime/17.xml,1234.7297668457031,835.7038497924805,True
MathArticles/wpmath0000007/Planar_ternary_ring/36.xml,781.2612056732178,447.0741748809815,True
MathArticles/wpmath0000016/Next-generation_matrix/14.xml,4596.677780151367,4501.215219497681,True
MathArticles/wpmath0000007/Damerau–Levenshtein_distance/13.xml,798.4621524810791,429.1212558746338,True
MathArticles/wpmath0000006/Machin-like_formula/54.xml,3157.823324203491,2874.02868270874,True
MathArticles/wpmath0000004/Basic_Linear_Algebra_Subprograms/2.xml,578.5377025604248,314.19968605041504,True
MathArticles/wpmath0000006/Gauss's_constant/4.xml,921.8759536743164,541.126012802124,True
MathArticles/wpmath0000003/Thompson_sporadic_group/0.xml,1097.963571548462,790.1170253753662,True
MathArticles/wpmath0000016/Distribution_learning_theory/101.xml,829.1316032409668,631.2966346740723,True
MathArticles/wpmath0000011/Favard_operator/1.xml,984.4503402709961,709.4905376434326,True
MathArticles/wpmath0000013/Ronen's_golden_rule_for_cluster_radioactivity/7.xml,1258.976697921753,1036.7186069488523,True
MathArticles/wpmath0000008/Compact_convergence/6.xml,582.6919078826904,291.661024093628,True
MathArticles/wpmath0000012/Zonal_spherical_function/69.xml,6039.698362350464,5885.828733444214,True
MathArticles/wpmath0000007/Affine_curvature/22.xml,1057.9934120178223,634.5303058624268,True
MathArticles/wpmath0000002/Euler_characteristic/19.xml,1039.893627166748,614.5830154418945,True
MathArticles/wpmath0000006/Non-line-of-sight_propagation/8.xml,461.86304092407227,229.62522506713867,True
MathArticles/wpmath0000002/World_line/23.xml,822.3729133605957,516.0808563232422,True
MathArticles/wpmath0000016/Polynomial_least_squares/65.xml,565.4654502868652,329.4100761413574,True
MathArticles/wpmath0000003/Lyman_series/9.xml,4666.37110710144,4395.689725875855,True
MathArticles/wpmath0000012/Modes_of_convergence_(annotated_index)/12.xml,500.38623809814453,188.57622146606445,True
MathArticles/wpmath0000008/Expansive/16.xml,845.1242446899414,636.1794471740723,True
MathArticles/wpmath0000005/Nondimensionalization/1.xml,3237.9150390625,2862.612724304199,True
MathArticles/wpmath0000008/Inner_measure/13.xml,829.0054798126221,516.9937610626221,True
MathArticles/wpmath0000005/Wallis_product/12.xml,799.2532253265381,470.1874256134033,True
MathArticles/wpmath0000005/One-_and_two-tailed_tests/2.xml,563.5464191436768,237.8232479095459,True
MathArticles/wpmath0000003/Onsager_reciprocal_relations/24.xml,751.4679431915283,384.74512100219727,True
MathArticles/wpmath0000006/Yang–Mills_existence_and_mass_gap/3.xml,641.2897109985352,345.28279304504395,True
MathArticles/wpmath0000005/Confluent_hypergeometric_function/96.xml,1612.7521991729736,1276.0343551635742,True
MathArticles/wpmath0000012/Equivalent_impedance_transforms/16.xml,1690.5114650726318,1439.9325847625732,True
MathArticles/wpmath0000015/Logarithmic_resistor_ladder/15.xml,2643.7249183654785,2392.1940326690674,True
MathArticles/wpmath0000005/Method_of_undetermined_coefficients/27.xml,1955.7874202728271,1477.1101474761963,True
MathArticles/wpmath0000009/Scatter_matrix/4.xml,1113.0213737487793,772.2268104553223,True
MathArticles/wpmath0000005/Bornological_space/62.xml,859.8179817199707,517.4789428710938,True
MathArticles/wpmath0000001/Propositional_calculus/475.xml,532.4203968048096,210.4287147521973,True
MathArticles/wpmath0000010/Shilov_boundary/6.xml,1017.2359943389893,704.3194770812988,True
MathArticles/wpmath0000001/Fibonacci_number/22.xml,814.1624927520752,490.38219451904297,True
MathArticles/wpmath0000008/Bayesian_linear_regression/9.xml,971.611499786377,599.9531745910645,True
MathArticles/wpmath0000004/Combinatorial_number_system/11.xml,1657.7987670898438,1374.5813369750977,True
MathArticles/wpmath0000004/Clebsch–Gordan_coefficients/57.xml,955.3816318511963,541.5928363800049,True
MathArticles/wpmath0000002/List_of_relativistic_equations/23.xml,986.844539642334,616.7311668395996,True
MathArticles/wpmath0000003/Support_(mathematics)/23.xml,971.6196060180664,588.3660316467285,True
MathArticles/wpmath0000002/Concrete_category/3.xml,924.0553379058838,590.346097946167,True
MathArticles/wpmath0000003/Circle_of_a_sphere/7.xml,2674.2022037506104,2466.188669204712,True
MathArticles/wpmath0000005/Discrete_Laplace_operator/24.xml,1237.7712726593018,1053.9703369140625,True
MathArticles/wpmath0000004/Min-max_theorem/36.xml,688.0068778991699,371.26874923706055,True
MathArticles/wpmath0000010/Stein's_method/42.xml,1017.1160697937012,625.4293918609619,True
MathArticles/wpmath0000012/State-transition_matrix/16.xml,971.0757732391357,526.0024070739746,True
MathArticles/wpmath0000002/Quantum_fluctuation/2.xml,6308.360815048218,6148.188591003418,True
MathArticles/wpmath0000014/Rule_of_marteloio/7.xml,1252.729892730713,976.3197898864746,True
MathArticles/wpmath0000005/SKI_combinator_calculus/3.xml,610.7940673828125,270.89524269104004,True
MathArticles/wpmath0000014/Quantum_state/36.xml,1048.3005046844482,669.5766448974609,True
MathArticles/wpmath0000002/Snub_dodecahedron/1.xml,985.7571125030518,707.9744338989258,True
MathArticles/wpmath0000014/Expander_code/110.xml,924.077033996582,566.4927959442139,True
MathArticles/wpmath0000002/Tensor_contraction/11.xml,7979.186534881592,7896.827697753906,True
MathArticles/wpmath0000016/Wahlquist_fluid/6.xml,937.8657341003418,442.4285888671875,True
MathArticles/wpmath0000013/Good_quantum_number/18.xml,844.0260887145996,479.85219955444336,True
MathArticles/wpmath0000013/Table_of_costs_of_operations_in_elliptic_curves/0.xml,1188.1625652313232,801.145076751709,True
MathArticles/wpmath0000006/Relativistic_electromagnetism/2.xml,750.4115104675293,415.9014225006104,True
MathArticles/wpmath0000002/Malleability_(cryptography)/22.xml,2517.489433288574,2244.6658611297607,True
MathArticles/wpmath0000001/Americium/8.xml,609.954833984375,276.7350673675537,True
MathArticles/wpmath0000013/Degrees_of_freedom_(physics_and_chemistry)/25.xml,1438.2214546203613,1055.924654006958,True
MathArticles/wpmath0000006/Universal_Rule/0.xml,734.7962856292725,419.64054107666016,True
MathArticles/wpmath0000007/Heisenberg_model_(quantum)/11.xml,2032.5725078582764,1664.978265762329,True
MathArticles/wpmath0000016/Principalization_(algebra)/68.xml,1000.816822052002,629.8348903656006,True
MathArticles/wpmath0000003/Lagrange's_four-square_theorem/94.xml,3582.1619033813477,3430.3646087646484,True
MathArticles/wpmath0000004/Bisection_method/8.xml,1406.6479206085205,952.0862102508544,True
MathArticles/wpmath0000002/Complex_geometry/17.xml,875.5357265472412,490.0648593902588,True
MathArticles/wpmath0000008/Lie_coalgebra/4.xml,515.9518718719482,226.09496116638184,True
MathArticles/wpmath0000004/Ample_line_bundle/31.xml,891.3102149963379,601.707935333252,True
MathArticles/wpmath0000009/Statistical_shape_analysis/1.xml,1925.3544807434082,1567.392110824585,True
MathArticles/wpmath0000012/Yeoh_(hyperelastic_model)/12.xml,5536.216974258423,5340.331554412842,True
MathArticles/wpmath0000005/Electromagnetically_induced_transparency/6.xml,766.4744853973389,487.75696754455566,True
MathArticles/wpmath0000001/Simplex/32.xml,2975.6927490234375,2708.8472843170166,True
MathArticles/wpmath0000014/Plancherel_measure/4.xml,546.9498634338379,200.103759765625,True
MathArticles/wpmath0000004/Clausius–Mossotti_relation/1.xml,6864.609241485596,6634.523391723633,True
MathArticles/wpmath0000015/Symmetry_protected_topological_order/10.xml,2221.3776111602783,1870.432615280152,True
MathArticles/wpmath0000009/Blom's_scheme/7.xml,7711.930513381958,7857.722520828247,True
MathArticles/wpmath0000001/Dimension/14.xml,2173.3508110046387,1870.9921836853027,True
MathArticles/wpmath0000003/Hyperfine_structure/21.xml,796.8790531158447,485.00704765319824,True
MathArticles/wpmath0000009/Persymmetric_matrix/1.xml,891.6230201721191,553.2517433166504,True
MathArticles/wpmath0000007/Buck_converter/62.xml,2985.7611656188965,2603.0681133270264,True
MathArticles/wpmath0000003/Linear_least_squares_(mathematics)/178.xml,1641.294240951538,1248.8915920257568,True
MathArticles/wpmath0000015/Hamiltonian_constraint_of_LQG/80.xml,938.0364418029785,565.9656524658203,True
MathArticles/wpmath0000002/Singular_value_decomposition/167.xml,4738.147258758545,4615.315914154053,True
MathArticles/wpmath0000001/Numerical_aperture/24.xml,2454.0514945983887,2161.272525787353,True
MathArticles/wpmath0000005/Extended_X-ray_absorption_fine_structure/4.xml,1125.6449222564697,689.0606880187988,True
MathArticles/wpmath0000016/Quantum_refereed_game/7.xml,735.0597381591797,452.3739814758301,True
MathArticles/wpmath0000009/Tanaka's_formula/5.xml,5111.815929412842,5273.240566253662,True
MathArticles/wpmath0000008/Crosswordese/23.xml,688.4772777557373,505.15174865722656,True
MathArticles/wpmath0000010/Bachmann–Howard_ordinal/0.xml,1522.1292972564697,1235.116481781006,True
MathArticles/wpmath0000009/Content_(measure_theory)/19.xml,2047.3487377166748,1734.1423034667969,True
MathArticles/wpmath0000004/Space_hierarchy_theorem/52.xml,7517.641544342041,7480.072975158691,True
MathArticles/wpmath0000001/Equation_of_state/125.xml,3142.3556804656982,2806.7309856414795,True
MathArticles/wpmath0000008/Strict_differentiability/6.xml,1754.1797161102295,1347.0466136932373,True
MathArticles/wpmath0000005/Green–Kubo_relations/20.xml,953.1183242797852,559.53049659729,True
MathArticles/wpmath0000001/Waveplate/4.xml,734.8008155822754,481.3542366027832,True
MathArticles/wpmath0000004/Periodic_points_of_complex_quadratic_mappings/83.xml,1829.700231552124,1550.046443939209,True
MathArticles/wpmath0000012/Helly_metric/14.xml,5377.173900604248,5310.927391052246,True
MathArticles/wpmath0000012/Mathematical_principles_of_reinforcement/31.xml,1641.2720680236816,1157.848596572876,True
MathArticles/wpmath0000012/Hill_yield_criterion/64.xml,1735.2077960968018,1193.7317848205566,True
MathArticles/wpmath0000001/Maxwell-Boltzmann_distribution/17.xml,969.6593284606934,560.0664615631104,True
MathArticles/wpmath0000004/Wave_vector/33.xml,3690.1445388793945,3426.914930343628,True
MathArticles/wpmath0000002/Mathematical_fallacy/25.xml,828.1328678131104,528.7494659423828,True
MathArticles/wpmath0000013/Forms_of_energy/30.xml,2765.962839126587,2548.1104850769043,True
MathArticles/wpmath0000010/Portal_Chemistry__Useful_equations_and_links/16.xml,1063.1585121154785,658.4970951080322,True
MathArticles/wpmath0000003/Directional_derivative/15.xml,781.243085861206,438.77577781677246,True
MathArticles/wpmath0000004/Landau_damping/7.xml,1984.6508502960205,1645.674228668213,True
MathArticles/wpmath0000004/Intersection_homology/9.xml,4955.527782440186,4742.4516677856445,True
MathArticles/wpmath0000016/Monte_Carlo_tree_search/27.xml,627.1462440490723,494.1005706787109,True
MathArticles/wpmath0000015/List_of_equations_in_gravitation/9.xml,4814.832448959351,4722.22113609314,True
MathArticles/wpmath0000014/Singular_submodule/5.xml,6439.66007232666,6341.160774230957,True
MathArticles/wpmath0000004/Cauchy_product/83.xml,688.6041164398193,507.4191093444824,True
MathArticles/wpmath0000016/Slice_theorem_(differential_geometry)/0.xml,672.1348762512207,338.2611274719238,True
MathArticles/wpmath0000015/Quantized_state_systems_method/23.xml,969.0778255462646,590.9104347229004,True
MathArticles/wpmath0000002/Multilinear_map/19.xml,890.6896114349365,691.9307708740234,True
MathArticles/wpmath0000008/Compact_closed_category/24.xml,798.600435256958,415.0261878967285,True
MathArticles/wpmath0000016/Lieb-Robinson_bounds/34.xml,1938.3912086486816,1571.1019039154053,True
MathArticles/wpmath0000003/Projective_linear_group/10.xml,1001.1401176452637,593.8844680786133,True
MathArticles/wpmath0000014/Depth_of_noncommutative_subrings/15.xml,953.3963203430176,555.0520420074463,True
MathArticles/wpmath0000007/Cauchy_condensation_test/28.xml,3548.388957977295,3294.2495346069336,True
MathArticles/wpmath0000004/Barycentric_coordinate_system/106.xml,765.6254768371582,503.7970542907715,True
MathArticles/wpmath0000014/Twisted_Poincaré_duality/3.xml,766.0312652587891,405.32636642456055,True
MathArticles/wpmath0000004/F-statistics/0.xml,922.1885204315186,591.3386344909668,True
MathArticles/wpmath0000002/Heat_equation/66.xml,969.2254066467285,601.5191078186035,True
MathArticles/wpmath0000009/Niven's_constant/3.xml,984.7202301025391,565.4323101043701,True
MathArticles/wpmath0000007/Moment_map/14.xml,656.735897064209,380.9702396392822,True
MathArticles/wpmath0000016/Draft_Knockoff_filter/6.xml,781.2438011169434,483.2415580749512,True
MathArticles/wpmath0000007/Kadomtsev–Petviashvili_equation/1.xml,766.0007476806641,418.1580543518066,True
MathArticles/wpmath0000013/Natural_logarithm_of_2/14.xml,1049.0589141845703,664.1387939453125,True
MathArticles/wpmath0000009/Borel_right_process/44.xml,1094.3846702575684,698.7173557281494,True
MathArticles/wpmath0000002/Differential_form/11.xml,484.73262786865234,282.6671600341797,True
MathArticles/wpmath0000004/Edgeworth_series/47.xml,1000.4563331604004,632.4920654296875,True
MathArticles/wpmath0000014/Real_hyperelliptic_curve/154.xml,2610.7072830200195,2461.91668510437,True
MathArticles/wpmath0000001/List_of_equations_in_classical_mechanics/9.xml,1798.621654510498,1485.7656955718994,True
MathArticles/wpmath0000002/Jensen's_inequality/70.xml,953.1283378601074,601.5334129333496,True
MathArticles/wpmath0000005/Egorov's_theorem/0.xml,1000.3092288970947,592.7248001098633,True
MathArticles/wpmath0000007/Method_of_image_charges/19.xml,1204.0531635284424,852.6782989501953,True
MathArticles/wpmath0000001/Reflectance/5.xml,3597.2378253936768,3401.044607162476,True
MathArticles/wpmath0000005/Nuclear_magnetic_moment/8.xml,866.6191101074219,483.8931560516357,True
MathArticles/wpmath0000001/Imaginary_unit/56.xml,731.0342788696289,482.3307991027832,True
MathArticles/wpmath0000009/Gauss–Codazzi_equations/14.xml,3643.691062927246,3503.4842491149902,True
MathArticles/wpmath0000007/Zubov's_method/14.xml,828.7637233734131,505.9270858764648,True
MathArticles/wpmath0000015/Ricci_calculus/49.xml,922.3971366882324,654.0000438690186,True
MathArticles/wpmath0000012/Average_order_of_an_arithmetic_function/98.xml,1031.9902896881104,704.4961452484131,True
MathArticles/wpmath0000013/Efficiency_(statistics)/2.xml,2001.466989517212,1783.9574813842771,True
MathArticles/wpmath0000002/Gaussian_function/32.xml,1453.9644718170166,1176.767349243164,True
MathArticles/wpmath0000007/Delay_differential_equation/5.xml,734.7047328948975,482.8343391418457,True
MathArticles/wpmath0000016/Rendezvous_hashing/4.xml,937.8566741943359,783.6594581604004,True
MathArticles/wpmath0000007/Info-gap_decision_theory/183.xml,781.6755771636963,611.2308502197266,True
MathArticles/wpmath0000006/Eigenvalues_and_eigenvectors/175.xml,718.7416553497314,454.5168876647949,True
MathArticles/wpmath0000013/Schur_algebra/10.xml,2565.3626918792725,2545.1550483703613,True
MathArticles/wpmath0000014/Stochastic_measurement_procedure/16.xml,5939.31245803833,5933.782815933228,True
MathArticles/wpmath0000007/Difference_in_differences/19.xml,1172.3010540008545,943.7594413757324,True
MathArticles/wpmath0000010/Triangulation_(computer_vision)/37.xml,672.1758842468262,394.1702842712402,True
MathArticles/wpmath0000009/Richard_J._Lipton/8.xml,1828.6609649658203,1725.1017093658447,True
MathArticles/wpmath0000001/Protactinium/11.xml,781.2457084655762,549.2837429046631,True
MathArticles/wpmath0000007/Latent_Dirichlet_allocation/44.xml,1047.7120876312256,736.5212440490723,True
MathArticles/wpmath0000004/Master_equation/24.xml,2392.4567699432373,2162.1549129486084,True
MathArticles/wpmath0000005/Thermal_de_Broglie_wavelength/2.xml,859.6997261047363,564.7969245910645,True
MathArticles/wpmath0000015/Drift_plus_penalty/75.xml,874.9947547912598,732.7511310577393,True
MathArticles/wpmath0000016/Eigenstate_thermalization_hypothesis/36.xml,2969.529628753662,2997.5922107696533,True
MathArticles/wpmath0000009/10-Formyltetrahydrofolate/1.xml,1109.3723773956299,914.520025253296,True
MathArticles/wpmath0000009/Positive_current/7.xml,453.12952995300293,311.1298084259033,True
MathArticles/wpmath0000005/Pell_number/2.xml,797.8160381317139,595.3564643859863,True
MathArticles/wpmath0000009/Polynomial_greatest_common_divisor/1.xml,1641.5483951568604,1452.725172042847,True
MathArticles/wpmath0000013/FEE_method/67.xml,859.3747615814209,616.356611251831,True
MathArticles/wpmath0000006/Tensor_product_of_modules/69.xml,625.3256797790527,404.3781757354736,True
MathArticles/wpmath0000002/Conjunctive_normal_form/245.xml,749.9961853027344,551.8479347229004,True
MathArticles/wpmath0000003/Interaction_(statistics)/0.xml,2908.74981880188,2909.935712814331,True
MathArticles/wpmath0000008/Base_flow_(random_dynamical_systems)/14.xml,955.660343170166,733.9153289794922,True
MathArticles/wpmath0000001/Factorial/79.xml,796.8738079071045,715.2984142303467,True
MathArticles/wpmath0000012/Pettis_integral/20.xml,485.3975772857666,325.9549140930176,True
MathArticles/wpmath0000013/N-curve/57.xml,1031.811237335205,730.2289009094238,True
MathArticles/wpmath0000016/Homotopy_colimit/7.xml,688.0326271057129,458.19687843322754,True
MathArticles/wpmath0000009/Publicly_Verifiable_Secret_Sharing/26.xml,7409.042835235596,7801.818132400513,True
MathArticles/wpmath0000007/Cyclic_code/12.xml,4331.934452056885,4116.699934005737,True
MathArticles/wpmath0000007/Elliptic_cylindrical_coordinates/18.xml,970.299243927002,718.1744575500488,True
MathArticles/wpmath0000012/Lambert's_problem/23.xml,750.3876686096191,646.4877128601074,True
MathArticles/wpmath0000014/Picard–Lefschetz_theory/1.xml,1048.368215560913,719.6898460388184,True
MathArticles/wpmath0000002/Jensen's_inequality/101.xml,828.3660411834717,630.0997734069824,True
MathArticles/wpmath0000002/Free_fall/1.xml,1140.733003616333,1015.0253772735596,True
MathArticles/wpmath0000003/Dirichlet_eta_function/7.xml,1109.5328330993652,796.5712547302246,True
MathArticles/wpmath0000003/Functional_equation/5.xml,4221.524000167847,4079.767465591431,True
MathArticles/wpmath0000016/Network_robustness/4.xml,797.116756439209,548.2063293457031,True
MathArticles/wpmath0000009/331_model/5.xml,1064.009666442871,767.8437232971191,True
MathArticles/wpmath0000001/IEEE_754-1985/11.xml,609.3623638153076,427.8271198272705,True
MathArticles/wpmath0000015/Coons_patch/0.xml,1547.4767684936523,1347.6924896240234,True
MathArticles/wpmath0000014/Diamond_coconut_model/20.xml,2564.7194385528564,2428.515672683716,True
MathArticles/wpmath0000015/Uniformly_bounded_representation/37.xml,1172.6031303405762,847.8686809539795,True
MathArticles/wpmath0000013/Lebesgue_integration/48.xml,1985.1658344268799,1824.4919776916504,True
MathArticles/wpmath0000008/Geodesics_as_Hamiltonian_flows/12.xml,921.8709468841553,647.4614143371582,True
MathArticles/wpmath0000008/Alternatives_to_general_relativity/112.xml,1047.2908020019531,818.9637660980225,True
MathArticles/wpmath0000008/Automatically_Tuned_Linear_Algebra_Software/0.xml,594.3293571472168,359.1923713684082,True
MathArticles/wpmath0000016/Plethystic_substitution/30.xml,625.3199577331543,455.4557800292969,True
MathArticles/wpmath0000008/Graeffe's_method/7.xml,2878.0646324157715,2623.5713958740234,True
MathArticles/wpmath0000015/Acoustoelastic_effect/194.xml,546.8833446502686,374.77874755859375,True
MathArticles/wpmath0000006/Lambda_lifting/193.xml,4673.71392250061,4730.230808258057,True
MathArticles/wpmath0000014/Ptolemy's_table_of_chords/4.xml,890.6323909759521,642.5504684448242,True
MathArticles/wpmath0000013/Arcsine_laws_(Wiener_process)/7.xml,1016.6819095611572,675.1348972320557,True
MathArticles/wpmath0000004/Representation_theory_of_Hopf_algebras/7.xml,1015.9187316894531,768.0759429931641,True
MathArticles/wpmath0000014/Vector_optimization/11.xml,812.8921985626221,561.6388320922852,True
MathArticles/wpmath0000005/Restriction_(mathematics)/36.xml,953.4015655517578,665.6768321990967,True
MathArticles/wpmath0000008/Second-order_cone_programming/3.xml,671.872615814209,443.6514377593994,True
MathArticles/wpmath0000016/3D_sound_localization/24.xml,1032.2227478027344,799.1197109222412,True
MathArticles/wpmath0000012/Matrix_(mathematics)/31.xml,641.0892009735107,395.214319229126,True
MathArticles/wpmath0000003/Hausdorff_distance/0.xml,1000.9291172027588,758.15749168396,True
MathArticles/wpmath0000002/Flipped_SU(5)/15.xml,6269.543647766113,6318.668603897095,True
MathArticles/wpmath0000006/Change_of_variables/86.xml,812.9136562347412,471.0566997528076,True
MathArticles/wpmath0000007/'t_Hooft_symbol/3.xml,844.5940017700195,641.7028903961182,True
MathArticles/wpmath0000013/Matérn_covariance_function/7.xml,1016.0636901855469,737.9770278930664,True
MathArticles/wpmath0000014/Demazure_module/0.xml,7630.707263946533,7493.078231811523,True
